[
  {
    "model": "auth.group",
    "pk": 0,
    "fields": {
      "name": "unspecified_group",
      "permissions": []
    }
  },
  {
    "model": "auth.group",
    "pk": 100,
    "fields": {
      "name": "organization_participant",
      "permissions": [
        25,
        26,
        29,
        30,
        105,
        106,
        107,
        109,
        112,
        113,
        116,
        120,
        77,
        78,
        389,
        385,
        386,
        388,
        401,
        380,
        340,
        356,
        364,
        301,
        297,
        298,
        300,
        372,
        373,
        305,
        306,
        308,
        309,
        313,
        314,
        315,
        316,
        317,
        348,
        321,
        322,
        323,
        324,
        325,
        200,
        208,
        189,
        190,
        191,
        192,
        177,
        178,
        180,
        149,
        161,
        165,
        129,
        130,
        132,
        153,
        157,
        133,
        169,
        173,
        289,
        290,
        292,
        229,
        233,
        221,
        222,
        224,
        225,
        285,
        281,
        282,
        284,
        213,
        214,
        216,
        217,
        209,
        241,
        253,
        276,
        245,
        252
      ]
    }
  },
  {
    "model": "auth.group",
    "pk": 200,
    "fields": {
      "name": "children_coworker",
      "permissions": [
        25,
        26,
        27,
        28,
        29,
        30,
        31,
        32,
        105,
        106,
        107,
        108,
        109,
        110,
        111,
        112,
        113,
        114,
        115,
        116,
        117,
        118,
        120,
        21,
        22,
        23,
        24,
        8,
        1,
        2,
        4,
        77,
        78,
        79,
        80,
        389,
        390,
        391,
        392,
        385,
        386,
        387,
        388,
        401,
        402,
        403,
        404,
        405,
        406,
        407,
        408,
        377,
        378,
        379,
        380,
        381,
        382,
        383,
        384,
        393,
        394,
        395,
        396,
        397,
        398,
        399,
        400,
        337,
        338,
        339,
        340,
        341,
        342,
        343,
        344,
        353,
        354,
        355,
        356,
        361,
        362,
        363,
        364,
        365,
        366,
        367,
        368,
        357,
        358,
        359,
        360,
        301,
        302,
        303,
        304,
        297,
        298,
        299,
        300,
        329,
        330,
        331,
        332,
        369,
        370,
        371,
        372,
        373,
        374,
        375,
        376,
        333,
        334,
        335,
        336,
        305,
        306,
        307,
        308,
        309,
        310,
        311,
        312,
        313,
        314,
        315,
        316,
        317,
        318,
        319,
        320,
        345,
        346,
        347,
        348,
        349,
        350,
        351,
        352,
        321,
        322,
        323,
        324,
        325,
        326,
        327,
        328,
        84,
        85,
        86,
        87,
        88,
        89,
        90,
        91,
        92,
        93,
        94,
        95,
        96,
        97,
        98,
        99,
        100,
        101,
        102,
        103,
        104,
        20,
        197,
        198,
        199,
        200,
        193,
        194,
        195,
        196,
        205,
        206,
        207,
        208,
        201,
        202,
        203,
        204,
        185,
        186,
        187,
        188,
        189,
        190,
        192,
        177,
        178,
        179,
        180,
        181,
        182,
        183,
        184,
        140,
        148,
        149,
        150,
        151,
        152,
        141,
        142,
        143,
        144,
        161,
        162,
        163,
        164,
        167,
        168,
        129,
        130,
        132,
        153,
        154,
        155,
        156,
        157,
        158,
        159,
        160,
        133,
        134,
        135,
        136,
        169,
        170,
        171,
        172,
        173,
        174,
        175,
        176,
        293,
        294,
        295,
        296,
        289,
        290,
        291,
        292,
        229,
        230,
        231,
        232,
        233,
        234,
        236,
        269,
        270,
        271,
        272,
        265,
        266,
        267,
        268,
        221,
        222,
        223,
        224,
        225,
        226,
        227,
        228,
        285,
        286,
        287,
        288,
        281,
        282,
        283,
        284,
        213,
        214,
        215,
        216,
        217,
        218,
        219,
        220,
        209,
        210,
        211,
        212,
        261,
        262,
        263,
        264,
        241,
        242,
        243,
        244,
        237,
        238,
        239,
        240,
        253,
        254,
        255,
        256,
        257,
        258,
        259,
        260,
        277,
        278,
        279,
        280,
        273,
        274,
        275,
        276,
        245,
        246,
        247,
        248,
        249,
        250,
        251,
        252
      ]
    }
  },
  {
    "model": "auth.group",
    "pk": 300,
    "fields": {
      "name": "children_organizer",
      "permissions": [
        25,
        26,
        27,
        28,
        29,
        30,
        31,
        32,
        105,
        106,
        107,
        108,
        109,
        110,
        111,
        112,
        113,
        114,
        115,
        116,
        117,
        118,
        120,
        21,
        22,
        23,
        24,
        8,
        1,
        2,
        4,
        77,
        78,
        79,
        80,
        389,
        390,
        391,
        392,
        385,
        386,
        387,
        388,
        401,
        402,
        403,
        404,
        405,
        406,
        407,
        408,
        377,
        378,
        379,
        380,
        381,
        382,
        383,
        384,
        393,
        394,
        395,
        396,
        397,
        398,
        399,
        400,
        337,
        338,
        339,
        340,
        341,
        342,
        343,
        344,
        353,
        354,
        355,
        356,
        361,
        362,
        363,
        364,
        365,
        366,
        367,
        368,
        357,
        358,
        359,
        360,
        301,
        302,
        303,
        304,
        297,
        298,
        299,
        300,
        329,
        330,
        331,
        332,
        369,
        370,
        371,
        372,
        373,
        374,
        375,
        376,
        333,
        334,
        335,
        336,
        305,
        306,
        307,
        308,
        309,
        310,
        311,
        312,
        313,
        314,
        315,
        316,
        317,
        318,
        319,
        320,
        345,
        346,
        347,
        348,
        349,
        350,
        351,
        352,
        321,
        322,
        323,
        324,
        325,
        326,
        327,
        328,
        84,
        85,
        86,
        87,
        88,
        89,
        90,
        91,
        92,
        93,
        94,
        95,
        96,
        97,
        98,
        99,
        100,
        101,
        102,
        103,
        104,
        20,
        197,
        198,
        199,
        200,
        193,
        194,
        195,
        196,
        205,
        206,
        207,
        208,
        201,
        202,
        203,
        204,
        185,
        186,
        187,
        188,
        189,
        190,
        192,
        177,
        178,
        179,
        180,
        181,
        182,
        183,
        184,
        140,
        148,
        149,
        150,
        151,
        152,
        141,
        142,
        143,
        144,
        161,
        162,
        163,
        164,
        167,
        168,
        129,
        130,
        132,
        153,
        154,
        155,
        156,
        157,
        158,
        159,
        160,
        133,
        134,
        135,
        136,
        169,
        170,
        171,
        172,
        173,
        174,
        175,
        176,
        293,
        294,
        295,
        296,
        289,
        290,
        291,
        292,
        229,
        230,
        231,
        232,
        233,
        234,
        236,
        269,
        270,
        271,
        272,
        265,
        266,
        267,
        268,
        221,
        222,
        223,
        224,
        225,
        226,
        227,
        228,
        285,
        286,
        287,
        288,
        281,
        282,
        283,
        284,
        213,
        214,
        215,
        216,
        217,
        218,
        219,
        220,
        209,
        210,
        211,
        212,
        261,
        262,
        263,
        264,
        241,
        242,
        243,
        244,
        237,
        238,
        239,
        240,
        253,
        254,
        255,
        256,
        257,
        258,
        259,
        260,
        277,
        278,
        279,
        280,
        273,
        274,
        275,
        276,
        245,
        246,
        247,
        248,
        249,
        250,
        251,
        252
      ]
    }
  },
  {
    "model": "auth.group",
    "pk": 400,
    "fields": {
      "name": "conference_organizer",
      "permissions": [
        25,
        26,
        27,
        28,
        29,
        30,
        31,
        32,
        105,
        106,
        107,
        108,
        109,
        110,
        111,
        112,
        113,
        114,
        115,
        116,
        117,
        118,
        120,
        21,
        22,
        23,
        24,
        8,
        1,
        2,
        4,
        77,
        78,
        79,
        80,
        389,
        390,
        391,
        392,
        385,
        386,
        387,
        388,
        401,
        402,
        403,
        404,
        405,
        406,
        407,
        408,
        377,
        378,
        379,
        380,
        381,
        382,
        383,
        384,
        393,
        394,
        395,
        396,
        397,
        398,
        399,
        400,
        337,
        338,
        339,
        340,
        341,
        342,
        343,
        344,
        353,
        354,
        355,
        356,
        361,
        362,
        363,
        364,
        365,
        366,
        367,
        368,
        357,
        358,
        359,
        360,
        301,
        302,
        303,
        304,
        297,
        298,
        299,
        300,
        329,
        330,
        331,
        332,
        369,
        370,
        371,
        372,
        373,
        374,
        375,
        376,
        333,
        334,
        335,
        336,
        305,
        306,
        307,
        308,
        309,
        310,
        311,
        312,
        313,
        314,
        315,
        316,
        317,
        318,
        319,
        320,
        345,
        346,
        347,
        348,
        349,
        350,
        351,
        352,
        321,
        322,
        323,
        324,
        325,
        326,
        327,
        328,
        84,
        85,
        86,
        87,
        88,
        89,
        90,
        91,
        92,
        93,
        94,
        95,
        96,
        97,
        98,
        99,
        100,
        101,
        102,
        103,
        104,
        20,
        197,
        198,
        199,
        200,
        193,
        194,
        195,
        196,
        205,
        206,
        207,
        208,
        201,
        202,
        203,
        204,
        185,
        186,
        187,
        188,
        189,
        190,
        192,
        177,
        178,
        179,
        180,
        181,
        182,
        183,
        184,
        140,
        148,
        149,
        150,
        151,
        152,
        141,
        142,
        143,
        144,
        161,
        162,
        163,
        164,
        167,
        168,
        129,
        130,
        132,
        153,
        154,
        155,
        156,
        157,
        158,
        159,
        160,
        133,
        134,
        135,
        136,
        169,
        170,
        171,
        172,
        173,
        174,
        175,
        176,
        293,
        294,
        295,
        296,
        289,
        290,
        291,
        292,
        229,
        230,
        231,
        232,
        233,
        234,
        236,
        269,
        270,
        271,
        272,
        265,
        266,
        267,
        268,
        221,
        222,
        223,
        224,
        225,
        226,
        227,
        228,
        285,
        286,
        287,
        288,
        281,
        282,
        283,
        284,
        213,
        214,
        215,
        216,
        217,
        218,
        219,
        220,
        209,
        210,
        211,
        212,
        261,
        262,
        263,
        264,
        241,
        242,
        243,
        244,
        237,
        238,
        239,
        240,
        253,
        254,
        255,
        256,
        257,
        258,
        259,
        260,
        277,
        278,
        279,
        280,
        273,
        274,
        275,
        276,
        245,
        246,
        247,
        248,
        249,
        250,
        251,
        252
      ]
    }
  },
  {
    "model": "auth.group",
    "pk": 500,
    "fields": {
      "name": "data_organizer",
      "permissions": [
        25,
        26,
        27,
        28,
        29,
        30,
        31,
        32,
        105,
        106,
        107,
        108,
        109,
        110,
        111,
        112,
        113,
        114,
        115,
        116,
        117,
        118,
        120,
        21,
        22,
        23,
        24,
        8,
        1,
        2,
        4,
        77,
        78,
        79,
        80,
        389,
        390,
        391,
        392,
        385,
        386,
        387,
        388,
        401,
        402,
        403,
        404,
        405,
        406,
        407,
        408,
        377,
        378,
        379,
        380,
        381,
        382,
        383,
        384,
        393,
        394,
        395,
        396,
        397,
        398,
        399,
        400,
        337,
        338,
        339,
        340,
        341,
        342,
        343,
        344,
        353,
        354,
        355,
        356,
        361,
        362,
        363,
        364,
        365,
        366,
        367,
        368,
        357,
        358,
        359,
        360,
        301,
        302,
        303,
        304,
        297,
        298,
        299,
        300,
        329,
        330,
        331,
        332,
        369,
        370,
        371,
        372,
        373,
        374,
        375,
        376,
        333,
        334,
        335,
        336,
        305,
        306,
        307,
        308,
        309,
        310,
        311,
        312,
        313,
        314,
        315,
        316,
        317,
        318,
        319,
        320,
        345,
        346,
        347,
        348,
        349,
        350,
        351,
        352,
        321,
        322,
        323,
        324,
        325,
        326,
        327,
        328,
        84,
        85,
        86,
        87,
        88,
        89,
        90,
        91,
        92,
        93,
        94,
        95,
        96,
        97,
        98,
        99,
        100,
        101,
        102,
        103,
        104,
        20,
        197,
        198,
        199,
        200,
        193,
        194,
        195,
        196,
        205,
        206,
        207,
        208,
        201,
        202,
        203,
        204,
        185,
        186,
        187,
        188,
        189,
        190,
        192,
        177,
        178,
        179,
        180,
        181,
        182,
        183,
        184,
        140,
        148,
        149,
        150,
        151,
        152,
        141,
        142,
        143,
        144,
        161,
        162,
        163,
        164,
        167,
        168,
        129,
        130,
        132,
        153,
        154,
        155,
        156,
        157,
        158,
        159,
        160,
        133,
        134,
        135,
        136,
        169,
        170,
        171,
        172,
        173,
        174,
        175,
        176,
        293,
        294,
        295,
        296,
        289,
        290,
        291,
        292,
        229,
        230,
        231,
        232,
        233,
        234,
        236,
        269,
        270,
        271,
        272,
        265,
        266,
        267,
        268,
        221,
        222,
        223,
        224,
        225,
        226,
        227,
        228,
        285,
        286,
        287,
        288,
        281,
        282,
        283,
        284,
        213,
        214,
        215,
        216,
        217,
        218,
        219,
        220,
        209,
        210,
        211,
        212,
        261,
        262,
        263,
        264,
        241,
        242,
        243,
        244,
        237,
        238,
        239,
        240,
        253,
        254,
        255,
        256,
        257,
        258,
        259,
        260,
        277,
        278,
        279,
        280,
        273,
        274,
        275,
        276,
        245,
        246,
        247,
        248,
        249,
        250,
        251,
        252
      ]
    }
  },
  {
    "model": "auth.group",
    "pk": 600,
    "fields": {
      "name": "data_counselor",
      "permissions": [
        25,
        26,
        27,
        28,
        29,
        30,
        31,
        32,
        105,
        106,
        107,
        108,
        109,
        110,
        111,
        112,
        113,
        114,
        115,
        116,
        117,
        118,
        120,
        21,
        22,
        23,
        24,
        8,
        1,
        2,
        4,
        77,
        78,
        79,
        80,
        389,
        390,
        391,
        392,
        385,
        386,
        387,
        388,
        401,
        402,
        403,
        404,
        405,
        406,
        407,
        408,
        377,
        378,
        379,
        380,
        381,
        382,
        383,
        384,
        393,
        394,
        395,
        396,
        397,
        398,
        399,
        400,
        337,
        338,
        339,
        340,
        341,
        342,
        343,
        344,
        353,
        354,
        355,
        356,
        361,
        362,
        363,
        364,
        365,
        366,
        367,
        368,
        357,
        358,
        359,
        360,
        301,
        302,
        303,
        304,
        297,
        298,
        299,
        300,
        329,
        330,
        331,
        332,
        369,
        370,
        371,
        372,
        373,
        374,
        375,
        376,
        333,
        334,
        335,
        336,
        305,
        306,
        307,
        308,
        309,
        310,
        311,
        312,
        313,
        314,
        315,
        316,
        317,
        318,
        319,
        320,
        345,
        346,
        347,
        348,
        349,
        350,
        351,
        352,
        321,
        322,
        323,
        324,
        325,
        326,
        327,
        328,
        84,
        85,
        86,
        87,
        88,
        89,
        90,
        91,
        92,
        93,
        94,
        95,
        96,
        97,
        98,
        99,
        100,
        101,
        102,
        103,
        104,
        20,
        197,
        198,
        199,
        200,
        193,
        194,
        195,
        196,
        205,
        206,
        207,
        208,
        201,
        202,
        203,
        204,
        185,
        186,
        187,
        188,
        189,
        190,
        192,
        177,
        178,
        179,
        180,
        181,
        182,
        183,
        184,
        140,
        148,
        149,
        150,
        151,
        152,
        141,
        142,
        143,
        144,
        161,
        162,
        163,
        164,
        167,
        168,
        129,
        130,
        132,
        153,
        154,
        155,
        156,
        157,
        158,
        159,
        160,
        133,
        134,
        135,
        136,
        169,
        170,
        171,
        172,
        173,
        174,
        175,
        176,
        293,
        294,
        295,
        296,
        289,
        290,
        291,
        292,
        229,
        230,
        231,
        232,
        233,
        234,
        236,
        269,
        270,
        271,
        272,
        265,
        266,
        267,
        268,
        221,
        222,
        223,
        224,
        225,
        226,
        227,
        228,
        285,
        286,
        287,
        288,
        281,
        282,
        283,
        284,
        213,
        214,
        215,
        216,
        217,
        218,
        219,
        220,
        209,
        210,
        211,
        212,
        261,
        262,
        263,
        264,
        241,
        242,
        243,
        244,
        237,
        238,
        239,
        240,
        253,
        254,
        255,
        256,
        257,
        258,
        259,
        260,
        277,
        278,
        279,
        280,
        273,
        274,
        275,
        276,
        245,
        246,
        247,
        248,
        249,
        250,
        251,
        252
      ]
    }
  },
  {
    "model": "auth.group",
    "pk": 700,
    "fields": {
      "name": "roster_equipments",
      "permissions": [
      ]
    }
  },
  {
    "model": "django_celery_beat.intervalschedule",
    "pk": 1,
    "fields": {
      "every": 2,
      "period": "minutes"
    }
  },
  {
    "model": "django_celery_beat.crontabschedule",
    "pk": 1,
    "fields": {
      "minute": "30",
      "hour": "1",
      "day_of_week": "1",
      "day_of_month": "*",
      "month_of_year": "*",
      "timezone": "UTC"
    }
  },
  {
    "model": "django_celery_beat.crontabschedule",
    "pk": 2,
    "fields": {
      "minute": "30",
      "hour": "2",
      "day_of_week": "1",
      "day_of_month": "*",
      "month_of_year": "*",
      "timezone": "UTC"
    }
  },
  {
    "model": "django_celery_beat.periodictasks",
    "pk": 1,
    "fields": {
      "last_update": "2022-10-19T14:53:20.610Z"
    }
  },
  {
    "model": "django_celery_beat.periodictask",
    "pk": 1,
    "fields": {
      "name": "attendees.occasions.tasks.batch_create_gatherings",
      "task": "attendees.occasions.tasks.batch_create_gatherings",
      "interval": null,
      "crontab": 1,
      "solar": null,
      "clocked": null,
      "args": "[]",
      "kwargs": "{\r\n\t\"meet_infos\": [\r\n\t  {\r\n\t    \"desc\": \"Valid JSON with single key 'meet_infos' is required\",\r\n\t    \"meet_name\": \"The Rock\",\r\n\t    \"meet_slug\": \"d7c8Fd_cfcch_junior_regular_the_rock\",\r\n\t    \"months_adding\": 12,\r\n\t    \"recipients\": [\"sjlin0@gmail.com\", \"kowhejan@gmail.com\"]\r\n\t  },\r\n\t  {\r\n\t    \"desc\": \"Valid JSON with single key 'meet_infos' is required\",\r\n\t    \"meet_name\": \"Little foot\",\r\n\t    \"meet_slug\": \"d7c8Fd_cfcch_junior_regular_little_foot\",\r\n\t    \"months_adding\": 2,\r\n\t    \"recipients\": [\"sjlin0@gmail.com\", \"kowhejan@gmail.com\"]\r\n\t  },\r\n\t  {\r\n\t    \"desc\": \"Valid JSON with single key 'meet_infos' is required\",\r\n\t    \"meet_name\": \"Shining Star\",\r\n\t    \"meet_slug\": \"d7c8Fd_cfcch_junior_shining_star\",\r\n\t    \"months_adding\": 2,\r\n\t    \"recipients\": [\"sjlin0@gmail.com\", \"kowhejan@gmail.com\"]\r\n\t  },\r\n\t  {\r\n\t    \"desc\": \"Valid JSON with single key 'meet_infos' is required\",\r\n\t    \"meet_name\": \"中文詩班 Chinese choir\",\r\n\t    \"meet_slug\": \"d7c8Fd_cfcch_chinese_choir\",\r\n\t    \"months_adding\": 10,\r\n\t    \"recipients\": [\"sjlin0@gmail.com\"]\r\n\t  }\r\n\t]\r\n}",
      "queue": null,
      "exchange": null,
      "routing_key": null,
      "headers": "{}",
      "priority": null,
      "expires": null,
      "expire_seconds": null,
      "one_off": false,
      "start_time": "2020-08-27T22:37:02Z",
      "enabled": true,
      "last_run_at": null,
      "total_run_count": 0,
      "date_changed": "2021-08-28T18:59:47.395Z",
      "description": "test desc: attendees.occasions.tasks.batch_create_gatherings"
    }
  },
  {
    "model": "django_celery_beat.periodictask",
    "pk": 2,
    "fields": {
      "name": "attendees.occasions.tasks.batch_create_attendances",
      "task": "attendees.occasions.tasks.batch_create_attendances",
      "interval": null,
      "crontab": 2,
      "solar": null,
      "clocked": null,
      "args": "[]",
      "kwargs": "{\r\n\t\"meet_infos\": [\r\n\t  {\r\n\t    \"desc\": \"Valid JSON with single key 'meet_infos' is required\",\r\n\t    \"meet_name\": \"The Rock\",\r\n\t    \"meet_slug\": \"d7c8Fd_cfcch_junior_regular_the_rock\",\r\n\t    \"months_adding\": 11,\r\n\t    \"recipients\": [\"sjlin0@gmail.com\", \"kowhejan@gmail.com\"]\r\n\t  },\r\n\t  {\r\n\t    \"desc\": \"Valid JSON with single key 'meet_infos' is required\",\r\n\t    \"meet_name\": \"Little foot\",\r\n\t    \"meet_slug\": \"d7c8Fd_cfcch_junior_regular_little_foot\",\r\n\t    \"months_adding\": 1,\r\n\t    \"recipients\": [\"sjlin0@gmail.com\", \"kowhejan@gmail.com\"]\r\n\t  },\r\n\t  {\r\n\t    \"desc\": \"Valid JSON with single key 'meet_infos' is required\",\r\n\t    \"meet_name\": \"Shining Star\",\r\n\t    \"meet_slug\": \"d7c8Fd_cfcch_junior_shining_star\",\r\n\t    \"months_adding\": 1,\r\n\t    \"recipients\": [\"sjlin0@gmail.com\", \"kowhejan@gmail.com\"]\r\n\t  },\r\n\t  {\r\n\t    \"desc\": \"Valid JSON with single key 'meet_infos' is required\",\r\n\t    \"meet_name\": \"中文詩班 Chinese choir\",\r\n\t    \"meet_slug\": \"d7c8Fd_cfcch_chinese_choir\",\r\n\t    \"months_adding\": 9,\r\n\t    \"recipients\": [\"sjlin0@gmail.com\"]\r\n\t  }\r\n\t]\r\n}",
      "queue": null,
      "exchange": null,
      "routing_key": null,
      "headers": "{}",
      "priority": null,
      "expires": null,
      "expire_seconds": null,
      "one_off": false,
      "start_time": "2020-08-27T22:37:02Z",
      "enabled": true,
      "last_run_at": null,
      "total_run_count": 0,
      "date_changed": "2021-08-28T18:59:47.395Z",
      "description": "test desc: attendees.occasions.tasks.batch_create_attendances"
    }
  },
  {
    "model": "schedule.calendar",
    "pk": 0,
    "fields": {
      "name": "Multi Organizations",
      "slug": "multi_organizations_default"
    }
  },
  {
    "model": "schedule.calendar",
    "pk": 1,
    "fields": {
      "name": "All/Public",
      "slug": "cfcch_all_public"
    }
  },
  {
    "model": "schedule.calendar",
    "pk": 2,
    "fields": {
      "name": "Fellowship Hall F205",
      "slug": "cfcch_fellowship_hall_f205"
    }
  },
  {
    "model": "schedule.calendar",
    "pk": 3,
    "fields": {
      "name": "Fellowship Hall F201",
      "slug": "cfcch_fellowship_hall_f201"
    }
  },
  {
    "model": "schedule.calendar",
    "pk": 4,
    "fields": {
      "name": "Fellowship Hall F202",
      "slug": "cfcch_fellowship_hall_f202"
    }
  },
  {
    "model": "schedule.calendar",
    "pk": 5,
    "fields": {
      "name": "Fellowship Hall F203",
      "slug": "cfcch_fellowship_hall_f203"
    }
  },
  {
    "model": "schedule.calendar",
    "pk": 6,
    "fields": {
      "name": "Fellowship Hall F204",
      "slug": "cfcch_fellowship_hall_f204"
    }
  },
  {
    "model": "schedule.calendar",
    "pk": 7,
    "fields": {
      "name": "Fellowship Hall F207",
      "slug": "cfcch_fellowship_hall_f207"
    }
  },
  {
    "model": "schedule.calendar",
    "pk": 8,
    "fields": {
      "name": "Fellowship Hall F206",
      "slug": "cfcch_fellowship_hall_f206"
    }
  },
  {
    "model": "schedule.calendar",
    "pk": 9,
    "fields": {
      "name": "Worship Center 202",
      "slug": "cfcch_worship_center_202"
    }
  },
  {
    "model": "schedule.calendar",
    "pk": 10,
    "fields": {
      "name": "Worship Center Hall",
      "slug": "cfcch_worship_center_hall"
    }
  },
  {
    "model": "schedule.calendar",
    "pk": 11,
    "fields": {
      "name": "Old Sanctuary Hall",
      "slug": "cfcch_old_sanctuary_hall"
    }
  },
  {
    "model": "schedule.calendar",
    "pk": 12,
    "fields": {
      "name": "Worship Center 107",
      "slug": "cfcch_worship_center_107"
    }
  },
  {
    "model": "schedule.calendar",
    "pk": 13,
    "fields": {
      "name": "CFCCH Zoom room",
      "slug": "cfcch_zoom_room"
    }
  },
  {
    "model": "schedule.calendar",
    "pk": 14,
    "fields": {
      "name": "Fellowship Hall hall",
      "slug": "cfcch_fellowship_hall_hall"
    }
  },
  {
    "model": "schedule.calendar",
    "pk": 15,
    "fields": {
      "name": "Worship Center 201",
      "slug": "cfcch_worship_center_201"
    }
  },
  {
    "model": "schedule.calendar",
    "pk": 16,
    "fields": {
      "name": "Worship Center 203",
      "slug": "cfcch_worship_center_203"
    }
  },
  {
    "model": "schedule.calendar",
    "pk": 17,
    "fields": {
      "name": "Worship Center 204",
      "slug": "cfcch_worship_center_204"
    }
  },
  {
    "model": "schedule.calendar",
    "pk": 18,
    "fields": {
      "name": "Fellowship hall 2F",
      "slug": "cfcch_fellowship_hall_2F_suite"
    }
  },
  {
    "model": "schedule.calendarrelation",
    "pk": 0,
    "fields": {
      "calendar": 0,
      "content_type": 53,
      "object_id": 0,
      "distinction": "source",
      "inheritable": true
    }
  },
  {
    "model": "schedule.calendarrelation",
    "pk": 1,
    "fields": {
      "calendar": 1,
      "content_type": 53,
      "object_id": 1,
      "distinction": "source",
      "inheritable": true
    }
  },
  {
    "model": "schedule.calendarrelation",
    "pk": 2,
    "fields": {
      "calendar": 2,
      "content_type": 63,
      "object_id": 1,
      "distinction": "source",
      "inheritable": true
    }
  },
  {
    "model": "schedule.calendarrelation",
    "pk": 3,
    "fields": {
      "calendar": 3,
      "content_type": 63,
      "object_id": 8,
      "distinction": "source",
      "inheritable": true
    }
  },
  {
    "model": "schedule.calendarrelation",
    "pk": 4,
    "fields": {
      "calendar": 4,
      "content_type": 63,
      "object_id": 9,
      "distinction": "source",
      "inheritable": true
    }
  },
  {
    "model": "schedule.calendarrelation",
    "pk": 5,
    "fields": {
      "calendar": 5,
      "content_type": 63,
      "object_id": 10,
      "distinction": "source",
      "inheritable": true
    }
  },
  {
    "model": "schedule.calendarrelation",
    "pk": 6,
    "fields": {
      "calendar": 6,
      "content_type": 63,
      "object_id": 11,
      "distinction": "source",
      "inheritable": true
    }
  },
  {
    "model": "schedule.calendarrelation",
    "pk": 7,
    "fields": {
      "calendar": 7,
      "content_type": 63,
      "object_id": 6,
      "distinction": "source",
      "inheritable": true
    }
  },
  {
    "model": "schedule.calendarrelation",
    "pk": 8,
    "fields": {
      "calendar": 8,
      "content_type": 63,
      "object_id": 12,
      "distinction": "source",
      "inheritable": true
    }
  },
  {
    "model": "schedule.calendarrelation",
    "pk": 9,
    "fields": {
      "calendar": 9,
      "content_type": 63,
      "object_id": 7,
      "distinction": "source",
      "inheritable": true
    }
  },
  {
    "model": "schedule.calendarrelation",
    "pk": 10,
    "fields": {
      "calendar": 10,
      "content_type": 63,
      "object_id": 19,
      "distinction": "source",
      "inheritable": true
    }
  },
  {
    "model": "schedule.calendarrelation",
    "pk": 11,
    "fields": {
      "calendar": 11,
      "content_type": 63,
      "object_id": 20,
      "distinction": "source",
      "inheritable": true
    }
  },
  {
    "model": "schedule.calendarrelation",
    "pk": 12,
    "fields": {
      "calendar": 12,
      "content_type": 63,
      "object_id": 3,
      "distinction": "source",
      "inheritable": true
    }
  },
  {
    "model": "schedule.calendarrelation",
    "pk": 13,
    "fields": {
      "calendar": 13,
      "content_type": 53,
      "object_id": 1,
      "distinction": "source",
      "inheritable": true
    }
  },
  {
    "model": "schedule.calendarrelation",
    "pk": 14,
    "fields": {
      "calendar": 14,
      "content_type": 63,
      "object_id": 21,
      "distinction": "source",
      "inheritable": true
    }
  },
  {
    "model": "schedule.calendarrelation",
    "pk": 15,
    "fields": {
      "calendar": 15,
      "content_type": 63,
      "object_id": 14,
      "distinction": "source",
      "inheritable": true
    }
  },
  {
    "model": "schedule.calendarrelation",
    "pk": 16,
    "fields": {
      "calendar": 16,
      "content_type": 63,
      "object_id": 15,
      "distinction": "source",
      "inheritable": true
    }
  },
  {
    "model": "schedule.calendarrelation",
    "pk": 17,
    "fields": {
      "calendar": 17,
      "content_type": 63,
      "object_id": 16,
      "distinction": "source",
      "inheritable": true
    }
  },
  {
    "model": "schedule.calendarrelation",
    "pk": 18,
    "fields": {
      "calendar": 18,
      "content_type": 61,
      "object_id": 1,
      "distinction": "source",
      "inheritable": true
    }
  },
  {
    "model": "schedule.rule",
    "pk": 1,
    "fields": {
      "name": "Weekly",
      "description": "will recur once every Week",
      "frequency": "WEEKLY",
      "params": ""
    }
  },
  {
    "model": "schedule.rule",
    "pk": 2,
    "fields": {
      "name": "Monthly",
      "description": "will recur once every Month",
      "frequency": "MONTHLY",
      "params": ""
    }
  },
  {
    "model": "schedule.rule",
    "pk": 3,
    "fields": {
      "name": "Yearly",
      "description": "will recur once every Year",
      "frequency": "YEARLY",
      "params": ""
    }
  },
  {
    "model": "schedule.rule",
    "pk": 4,
    "fields": {
      "name": "Daily",
      "description": "will recur once every Day",
      "frequency": "DAILY",
      "params": ""
    }
  },
  {
    "model": "schedule.rule",
    "pk": 5,
    "fields": {
      "name": "Hourly",
      "description": "will recur once every Hour",
      "frequency": "HOURLY",
      "params": ""
    }
  },
  {
    "model": "schedule.rule",
    "pk": 6,
    "fields": {
      "name": "Biweekly",
      "description": "will recur once every TWO Weeks",
      "frequency": "WEEKLY",
      "params": "INTERVAL:2"
    }
  },
  {
    "model": "schedule.rule",
    "pk": 7,
    "fields": {
      "name": "Quarterly",
      "description": "will recur once every Quarter (3 Month)",
      "frequency": "MONTHLY",
      "params": "INTERVAL:3"
    }
  },
  {
    "model": "schedule.rule",
    "pk": 8,
    "fields": {
      "name": "Every weekday",
      "description": "will recur once every Weekday (M~F, NO weekend)",
      "frequency": "DAILY",
      "params": "BYWEEKDAY:0,1,2,3,4"
    }
  },
  {
    "model": "schedule.rule",
    "pk": 9,
    "fields": {
      "name": "Every Sunday",
      "description": "will recur once every Sunday",
      "frequency": "WEEKLY",
      "params": "BYWEEKDAY:SU"
    }
  },
  {
    "model": "schedule.rule",
    "pk": 10,
    "fields": {
      "name": "Every Saturday",
      "description": "will recur once every Saturday",
      "frequency": "WEEKLY",
      "params": "BYWEEKDAY:SA"
    }
  },
  {
    "model": "schedule.rule",
    "pk": 11,
    "fields": {
      "name": "MLK Jr. day",
      "description": "The 3rd Monday of the January",
      "frequency": "YEARLY",
      "params": "bymonth:1;byweekday:MO;bysetpos:3"
    }
  },
  {
    "model": "schedule.rule",
    "pk": 12,
    "fields": {
      "name": "President Day",
      "description": "The 3rd Monday of the February",
      "frequency": "YEARLY",
      "params": "bymonth:2;byweekday:MO;bysetpos:3"
    }
  },
  {
    "model": "schedule.rule",
    "pk": 13,
    "fields": {
      "name": "Good Friday",
      "description": "The Friday before Easter",
      "frequency": "YEARLY",
      "params": "byeaster:-2"
    }
  },
  {
    "model": "schedule.rule",
    "pk": 14,
    "fields": {
      "name": "Easter",
      "description": "The 1st Sunday after the full Moon that occurs on or after the spring equinox",
      "frequency": "YEARLY",
      "params": "byeaster:0"
    }
  },
  {
    "model": "schedule.rule",
    "pk": 15,
    "fields": {
      "name": "Mother's day",
      "description": "The 2nd Sunday in May",
      "frequency": "YEARLY",
      "params": "bymonth:5;byweekday:SU;bysetpos:2"
    }
  },
  {
    "model": "schedule.rule",
    "pk": 16,
    "fields": {
      "name": "Memorial day",
      "description": "The Last Monday of May",
      "frequency": "YEARLY",
      "params": "bymonth:5;byweekday:MO;bysetpos:-1"
    }
  },
  {
    "model": "schedule.rule",
    "pk": 17,
    "fields": {
      "name": "Father's day",
      "description": "The 3rd Sunday in June",
      "frequency": "YEARLY",
      "params": "bymonth:6;byweekday:SU;bysetpos:3"
    }
  },
  {
    "model": "schedule.rule",
    "pk": 18,
    "fields": {
      "name": "Juneteenth",
      "description": "June 19th",
      "frequency": "YEARLY",
      "params": "bymonth:6;bymonthday:19"
    }
  },
  {
    "model": "schedule.rule",
    "pk": 19,
    "fields": {
      "name": "Independence day",
      "description": "July 4th",
      "frequency": "YEARLY",
      "params": "bymonth:7;bymonthday:4"
    }
  },
  {
    "model": "schedule.rule",
    "pk": 20,
    "fields": {
      "name": "Thanksgiving",
      "description": "Forth Thursday of the November",
      "frequency": "YEARLY",
      "params": "bymonth:11;byweekday:TH;bysetpos:4"
    }
  },
  {
    "model": "schedule.rule",
    "pk": 21,
    "fields": {
      "name": "Christmas",
      "description": "Dec 25th",
      "frequency": "YEARLY",
      "params": "bymonth:12;bymonthday:25"
    }
  },
  {
    "model": "schedule.rule",
    "pk": 22,
    "fields": {
      "name": "New Year’s Day",
      "description": "January 1st",
      "frequency": "YEARLY",
      "params": "bymonth:1;bymonthday:1"
    }
  },
  {
    "model": "schedule.rule",
    "pk": 23,
    "fields": {
      "name": "Columbus day",
      "description": "the second Monday of October",
      "frequency": "YEARLY",
      "params": "bymonth:10;byweekday:MO;bysetpos:2"
    }
  },
  {
    "model": "schedule.rule",
    "pk": 24,
    "fields": {
      "name": "Labor day",
      "description": "the 1st Monday of September",
      "frequency": "YEARLY",
      "params": "bymonth:9;byweekday:MO;bysetpos:1"
    }
  },
  {
    "model": "schedule.rule",
    "pk": 25,
    "fields": {
      "name": "Tue/Wed/Thu",
      "description": "Every Tuesday, Wednesday & Thursday",
      "frequency": "WEEKLY",
      "params": "byweekday:TU,WE,TH"
    }
  },
  {
    "model": "schedule.rule",
    "pk": 26,
    "fields": {
      "name": "Friday",
      "description": "Every Friday",
      "frequency": "WEEKLY",
      "params": "byweekday:FR"
    }
  },
  {
    "model": "schedule.rule",
    "pk": 27,
    "fields": {
      "name": "Every Wednesday",
      "description": "will recur once every Wednesday",
      "frequency": "WEEKLY",
      "params": "BYWEEKDAY:WE"
    }
  },
  {
    "model": "schedule.rule",
    "pk": 28,
    "fields": {
      "name": "Every Tuesday",
      "description": "will recur once every Tuesday",
      "frequency": "WEEKLY",
      "params": "BYWEEKDAY:TU"
    }
  },
  {
    "model": "schedule.event",
    "pk": 1,
    "fields": {
      "start": "2020-02-09T17:15:00Z",
      "end": "2020-02-09T20:40:00Z",
      "title": "source: The Rock Sunday 9:15AM-12:40PM",
      "description": "room#6",
      "creator": 1,
      "created_on": "2020-04-11T18:55:53.117Z",
      "updated_on": "2020-04-11T19:41:28.645Z",
      "rule": 9,
      "end_recurring_period": null,
      "calendar": 1,
      "color_event": "#553384"
    }
  },
  {
    "model": "schedule.event",
    "pk": 2,
    "fields": {
      "start": "2020-02-09T17:15:00Z",
      "end": "2020-02-09T20:40:00Z",
      "title": "source: Little foot Sunday 9:15AM-12:40PM",
      "description": "room#1",
      "creator": 1,
      "created_on": "2020-04-11T18:55:53.117Z",
      "updated_on": "2020-04-11T19:41:28.645Z",
      "rule": 9,
      "end_recurring_period": null,
      "calendar": 1,
      "color_event": "#956AA5"
    }
  },
  {
    "model": "schedule.event",
    "pk": 3,
    "fields": {
      "start": "2020-02-09T21:15:00Z",
      "end": "2020-02-09T23:00:00Z",
      "title": "source: 中文詩班: Sunday 1:15PM-3:00PM",
      "description": "room#7",
      "creator": 1,
      "created_on": "2020-04-11T18:55:53.117Z",
      "updated_on": "2020-04-11T19:41:28.645Z",
      "rule": 9,
      "end_recurring_period": null,
      "calendar": 1,
      "color_event": "#3D8361"
    }
  },
  {
    "model": "schedule.event",
    "pk": 4,
    "fields": {
      "start": "2020-02-09T17:30:00Z",
      "end": "2020-02-09T18:40:00Z",
      "title": "source: Sunday service 9:30AM-10:40AM",
      "description": "room#19",
      "creator": 1,
      "created_on": "2022-04-11T18:55:53.117Z",
      "updated_on": "2022-09-11T19:41:28.645Z",
      "rule": 9,
      "end_recurring_period": null,
      "calendar": 1,
      "color_event": "#E53C40"
    }
  },
  {
    "model": "schedule.event",
    "pk": 5,
    "fields": {
      "start": "2020-02-09T19:15:00Z",
      "end": "2020-02-09T20:40:00Z",
      "title": "source: 主日崇拜 11:15AM-12:40PM",
      "description": "room#19",
      "creator": 1,
      "created_on": "2022-04-11T18:55:53.117Z",
      "updated_on": "2022-09-11T19:41:28.645Z",
      "rule": 9,
      "end_recurring_period": null,
      "calendar": 1,
      "color_event": "#A10B0B"
    }
  },
  {
    "model": "schedule.event",
    "pk": 6,
    "fields": {
      "start": "2020-02-09T17:15:00Z",
      "end": "2020-02-09T20:40:00Z",
      "title": "event#1",
      "description": "room#6",
      "creator": 1,
      "created_on": "2020-04-11T18:55:53.117Z",
      "updated_on": "2020-04-11T19:41:28.645Z",
      "rule": 9,
      "end_recurring_period": null,
      "calendar": 7,
      "color_event": "#553384"
    }
  },
  {
    "model": "schedule.event",
    "pk": 7,
    "fields": {
      "start": "2020-02-09T17:15:00Z",
      "end": "2020-02-09T20:40:00Z",
      "title": "event#2",
      "description": "room#1",
      "creator": 1,
      "created_on": "2020-04-11T18:55:53.117Z",
      "updated_on": "2020-04-11T19:41:28.645Z",
      "rule": 9,
      "end_recurring_period": null,
      "calendar": 2,
      "color_event": "#956AA5"
    }
  },
  {
    "model": "schedule.event",
    "pk": 8,
    "fields": {
      "start": "2020-02-09T21:15:00Z",
      "end": "2020-02-09T23:00:00Z",
      "title": "event#3",
      "description": "room#7",
      "creator": 1,
      "created_on": "2020-04-11T18:55:53.117Z",
      "updated_on": "2020-04-11T19:41:28.645Z",
      "rule": 9,
      "end_recurring_period": null,
      "calendar": 9,
      "color_event": "#3D8361"
    }
  },
  {
    "model": "schedule.event",
    "pk": 9,
    "fields": {
      "start": "2020-02-09T17:30:00Z",
      "end": "2020-02-09T18:40:00Z",
      "title": "event#4",
      "description": "room#19",
      "creator": 1,
      "created_on": "2022-04-11T18:55:53.117Z",
      "updated_on": "2022-09-11T19:41:28.645Z",
      "rule": 9,
      "end_recurring_period": null,
      "calendar": 10,
      "color_event": "#E53C40"
    }
  },
  {
    "model": "schedule.event",
    "pk": 10,
    "fields": {
      "start": "2020-02-09T19:15:00Z",
      "end": "2020-02-09T20:40:00Z",
      "title": "event#5",
      "description": "room#19",
      "creator": 1,
      "created_on": "2022-04-11T18:55:53.117Z",
      "updated_on": "2022-09-11T19:41:28.645Z",
      "rule": 9,
      "end_recurring_period": null,
      "calendar": 10,
      "color_event": "#A10B0B"
    }
  },
  {
    "model": "schedule.event",
    "pk": 11,
    "fields": {
      "start": "2021-11-25T08:00:00Z",
      "end": "2021-11-26T07:59:59Z",
      "title": "MLK Jr. day",
      "description": "allDay: The 3rd Monday of the January",
      "creator": 1,
      "created_on": "2022-04-11T18:55:53.117Z",
      "updated_on": "2022-09-11T19:41:28.645Z",
      "rule": 11,
      "end_recurring_period": null,
      "calendar": 1,
      "color_event": "#FED420"
    }
  },
  {
    "model": "schedule.event",
    "pk": 12,
    "fields": {
      "start": "2021-11-25T08:00:00Z",
      "end": "2021-11-26T07:59:59Z",
      "title": "President Day",
      "description": "allDay: The 3rd Monday of the February",
      "creator": 1,
      "created_on": "2022-04-11T18:55:53.117Z",
      "updated_on": "2022-09-11T19:41:28.645Z",
      "rule": 12,
      "end_recurring_period": null,
      "calendar": 1,
      "color_event": "#FED420"
    }
  },
  {
    "model": "schedule.event",
    "pk": 13,
    "fields": {
      "start": "2021-11-25T08:00:00Z",
      "end": "2021-11-26T07:59:59Z",
      "title": "Good Friday",
      "description": "allDay: The Friday before Easter",
      "creator": 1,
      "created_on": "2022-04-11T18:55:53.117Z",
      "updated_on": "2022-09-11T19:41:28.645Z",
      "rule": 13,
      "end_recurring_period": null,
      "calendar": 1,
      "color_event": "#FED420"
    }
  },
  {
    "model": "schedule.event",
    "pk": 14,
    "fields": {
      "start": "2021-11-25T08:00:00Z",
      "end": "2021-11-26T07:59:59Z",
      "title": "Easter",
      "description": "allDay: The 1st Sunday after the full Moon that occurs on or after the spring equinox",
      "creator": 1,
      "created_on": "2022-04-11T18:55:53.117Z",
      "updated_on": "2022-09-11T19:41:28.645Z",
      "rule": 14,
      "end_recurring_period": null,
      "calendar": 1,
      "color_event": "#FED420"
    }
  },
  {
    "model": "schedule.event",
    "pk": 15,
    "fields": {
      "start": "2021-11-25T08:00:00Z",
      "end": "2021-11-26T07:59:59Z",
      "title": "Mother's day",
      "description": "allDay: The 2nd Sunday in May",
      "creator": 1,
      "created_on": "2022-04-11T18:55:53.117Z",
      "updated_on": "2022-09-11T19:41:28.645Z",
      "rule": 15,
      "end_recurring_period": null,
      "calendar": 1,
      "color_event": "#FED420"
    }
  },
  {
    "model": "schedule.event",
    "pk": 16,
    "fields": {
      "start": "2021-11-25T08:00:00Z",
      "end": "2021-11-26T07:59:59Z",
      "title": "Memorial day",
      "description": "allDay: The Last Monday of May",
      "creator": 1,
      "created_on": "2022-04-11T18:55:53.117Z",
      "updated_on": "2022-09-11T19:41:28.645Z",
      "rule": 16,
      "end_recurring_period": null,
      "calendar": 1,
      "color_event": "#FED420"
    }
  },
  {
    "model": "schedule.event",
    "pk": 17,
    "fields": {
      "start": "2021-11-25T08:00:00Z",
      "end": "2021-11-26T07:59:59Z",
      "title": "Father's day",
      "description": "allDay: The 3rd Sunday in June",
      "creator": 1,
      "created_on": "2022-04-11T18:55:53.117Z",
      "updated_on": "2022-09-11T19:41:28.645Z",
      "rule": 17,
      "end_recurring_period": null,
      "calendar": 1,
      "color_event": "#FED420"
    }
  },
  {
    "model": "schedule.event",
    "pk": 18,
    "fields": {
      "start": "2021-11-25T08:00:00Z",
      "end": "2021-11-26T07:59:59Z",
      "title": "Juneteenth",
      "description": "allDay: June 19th",
      "creator": 1,
      "created_on": "2022-04-11T18:55:53.117Z",
      "updated_on": "2022-09-11T19:41:28.645Z",
      "rule": 18,
      "end_recurring_period": null,
      "calendar": 1,
      "color_event": "#FED420"
    }
  },
  {
    "model": "schedule.event",
    "pk": 19,
    "fields": {
      "start": "2021-11-25T08:00:00Z",
      "end": "2021-11-26T07:59:59Z",
      "title": "Independence day",
      "description": "allDay: July 4th",
      "creator": 1,
      "created_on": "2022-04-11T18:55:53.117Z",
      "updated_on": "2022-09-11T19:41:28.645Z",
      "rule": 19,
      "end_recurring_period": null,
      "calendar": 1,
      "color_event": "#FED420"
    }
  },
  {
    "model": "schedule.event",
    "pk": 20,
    "fields": {
      "start": "2021-11-25T08:00:00Z",
      "end": "2021-11-26T07:59:59Z",
      "title": "Thanksgiving",
      "description": "allDay: The 4th Thursday of November",
      "creator": 1,
      "created_on": "2022-04-11T18:55:53.117Z",
      "updated_on": "2022-09-11T19:41:28.645Z",
      "rule": 20,
      "end_recurring_period": null,
      "calendar": 1,
      "color_event": "#FED420"
    }
  },
  {
    "model": "schedule.event",
    "pk": 21,
    "fields": {
      "start": "2021-11-25T08:00:00Z",
      "end": "2021-11-26T07:59:59Z",
      "title": "Christmas",
      "description": "allDay: Dec 25th",
      "creator": 1,
      "created_on": "2022-04-11T18:55:53.117Z",
      "updated_on": "2022-09-11T19:41:28.645Z",
      "rule": 21,
      "end_recurring_period": null,
      "calendar": 1,
      "color_event": "#FED420"
    }
  },
  {
    "model": "schedule.event",
    "pk": 22,
    "fields": {
      "start": "2021-11-25T08:00:00Z",
      "end": "2021-11-26T07:59:59Z",
      "title": "New Year’s Day",
      "description": "allDay: January 1st",
      "creator": 1,
      "created_on": "2022-04-11T18:55:53.117Z",
      "updated_on": "2022-09-11T19:41:28.645Z",
      "rule": 22,
      "end_recurring_period": null,
      "calendar": 1,
      "color_event": "#FED420"
    }
  },
  {
    "model": "schedule.event",
    "pk": 23,
    "fields": {
      "start": "2021-11-25T08:00:00Z",
      "end": "2021-11-26T07:59:59Z",
      "title": "Columbus day",
      "description": "allDay: the second Monday of October",
      "creator": 1,
      "created_on": "2022-04-11T18:55:53.117Z",
      "updated_on": "2022-09-11T19:41:28.645Z",
      "rule": 23,
      "end_recurring_period": null,
      "calendar": 1,
      "color_event": "#FED420"
    }
  },
  {
    "model": "schedule.event",
    "pk": 24,
    "fields": {
      "start": "2021-11-25T08:00:00Z",
      "end": "2021-11-26T07:59:59Z",
      "title": "Labor day",
      "description": "allDay: the 1st Monday of September",
      "creator": 1,
      "created_on": "2022-04-11T18:55:53.117Z",
      "updated_on": "2022-09-11T19:41:28.645Z",
      "rule": 24,
      "end_recurring_period": null,
      "calendar": 1,
      "color_event": "#FED420"
    }
  },
  {
    "model": "schedule.event",
    "pk": 25,
    "fields": {
      "start": "2020-02-09T18:00:00Z",
      "end": "2020-02-09T19:15:00Z",
      "title": "source: 成人主日學 Chinese Sunday School 10:00AM-11:15AM",
      "description": "room#3",
      "creator": 1,
      "created_on": "2022-04-11T18:55:53.117Z",
      "updated_on": "2022-09-11T19:41:28.645Z",
      "rule": 9,
      "end_recurring_period": null,
      "calendar": 1,
      "color_event": "#F28705"
    }
  },
  {
    "model": "schedule.event",
    "pk": 26,
    "fields": {
      "start": "2020-02-09T18:00:00Z",
      "end": "2020-02-09T19:15:00Z",
      "title": "event#25",
      "description": "room#3",
      "creator": 1,
      "created_on": "2022-04-11T18:55:53.117Z",
      "updated_on": "2022-09-11T19:41:28.645Z",
      "rule": 9,
      "end_recurring_period": null,
      "calendar": 12,
      "color_event": "#F28705"
    }
  },
  {
    "model": "schedule.event",
    "pk": 27,
    "fields": {
      "start": "2020-02-09T23:00:00Z",
      "end": "2020-02-10T01:30:00Z",
      "title": "source: After School Tu~Th 3-5:30PM",
      "description": "room#21",
      "creator": 1,
      "created_on": "2020-04-11T18:55:53.117Z",
      "updated_on": "2020-04-11T19:41:28.645Z",
      "rule": 25,
      "end_recurring_period": null,
      "calendar": 1,
      "color_event": "#553285"
    }
  },
  {
    "model": "schedule.event",
    "pk": 28,
    "fields": {
      "start": "2020-02-09T23:00:00Z",
      "end": "2020-02-10T01:30:00Z",
      "title": "event#27",
      "description": "room#21",
      "creator": 1,
      "created_on": "2020-04-11T18:55:53.117Z",
      "updated_on": "2020-04-11T19:41:28.645Z",
      "rule": 25,
      "end_recurring_period": null,
      "calendar": 14,
      "color_event": "#553285"
    }
  },
  {
    "model": "schedule.event",
    "pk": 29,
    "fields": {
      "start": "2020-02-09T03:30:00Z",
      "end": "2020-02-09T05:00:00Z",
      "title": "source: 閃亮之星 Shining Star 7:30PM-9PM",
      "description": "suite#1",
      "creator": 1,
      "created_on": "2020-04-11T18:55:53.117Z",
      "updated_on": "2020-04-11T19:41:28.645Z",
      "rule": 26,
      "end_recurring_period": null,
      "calendar": 1,
      "color_event": "#691B7F"
    }
  },
  {
    "model": "schedule.event",
    "pk": 30,
    "fields": {
      "start": "2020-02-09T03:30:00Z",
      "end": "2020-02-09T05:00:00Z",
      "title": "event#29",
      "description": "suite#1",
      "creator": 1,
      "created_on": "2020-04-11T18:55:53.117Z",
      "updated_on": "2020-04-11T19:41:28.645Z",
      "rule": 26,
      "end_recurring_period": null,
      "calendar": 18,
      "color_event": "#691B7F"
    }
  },
  {
    "model": "schedule.event",
    "pk": 31,
    "fields": {
      "start": "2020-02-09T04:00:00Z",
      "end": "2020-02-09T05:40:00Z",
      "title": "source: 以斯拉團契 Ezra Fellowship 8PM-9:40PM",
      "description": "room#7",
      "creator": 1,
      "created_on": "2020-04-11T18:55:53.117Z",
      "updated_on": "2020-04-11T19:41:28.645Z",
      "rule": 26,
      "end_recurring_period": null,
      "calendar": 1,
      "color_event": "#D85504"
    }
  },
  {
    "model": "schedule.event",
    "pk": 32,
    "fields": {
      "start": "2020-02-09T04:00:00Z",
      "end": "2020-02-09T05:40:00Z",
      "title": "event#31",
      "description": "room#7",
      "creator": 1,
      "created_on": "2020-04-11T18:55:53.117Z",
      "updated_on": "2020-04-11T19:41:28.645Z",
      "rule": 26,
      "end_recurring_period": null,
      "calendar": 9,
      "color_event": "#D85504"
    }
  },
  {
    "model": "schedule.event",
    "pk": 33,
    "fields": {
      "start": "2020-02-09T18:00:00Z",
      "end": "2020-02-09T19:15:00Z",
      "title": "event#25",
      "description": "room#7",
      "creator": 1,
      "created_on": "2020-04-11T18:55:53.117Z",
      "updated_on": "2020-04-11T19:41:28.645Z",
      "rule": 9,
      "end_recurring_period": null,
      "calendar": 9,
      "color_event": "#D85504"
    }
  },
  {
    "model": "schedule.event",
    "pk": 34,
    "fields": {
      "start": "2020-02-09T18:00:00Z",
      "end": "2020-02-09T19:15:00Z",
      "title": "event#25",
      "description": "room#14",
      "creator": 1,
      "created_on": "2020-04-11T18:55:53.117Z",
      "updated_on": "2020-04-11T19:41:28.645Z",
      "rule": 9,
      "end_recurring_period": null,
      "calendar": 15,
      "color_event": "#D85504"
    }
  },
  {
    "model": "schedule.event",
    "pk": 35,
    "fields": {
      "start": "2020-02-09T04:00:00Z",
      "end": "2020-02-09T05:40:00Z",
      "title": "event#31",
      "description": "room#23",
      "creator": 1,
      "created_on": "2020-04-11T18:55:53.117Z",
      "updated_on": "2020-04-11T19:41:28.645Z",
      "rule": 26,
      "end_recurring_period": null,
      "calendar": 13,
      "color_event": "#D85504"
    }
  },
  {
    "model": "schedule.event",
    "pk": 36,
    "fields": {
      "start": "2020-02-09T18:00:00Z",
      "end": "2020-02-09T19:15:00Z",
      "title": "source: 查經 Chinese Bible study 10:00AM-11:15AM",
      "description": "room#3",
      "creator": 1,
      "created_on": "2022-04-11T18:55:53.117Z",
      "updated_on": "2022-09-11T19:41:28.645Z",
      "rule": 10,
      "end_recurring_period": "2022-12-11T18:55:53.117Z",
      "calendar": 1,
      "color_event": "#D85504"
    }
  },
  {
    "model": "schedule.event",
    "pk": 37,
    "fields": {
      "start": "2020-02-09T18:00:00Z",
      "end": "2020-02-09T19:15:00Z",
      "title": "event#36",
      "description": "room#3",
      "creator": 1,
      "created_on": "2022-04-11T18:55:53.117Z",
      "updated_on": "2022-09-11T19:41:28.645Z",
      "rule": 10,
      "end_recurring_period": "2022-12-11T18:55:53.117Z",
      "calendar": 12,
      "color_event": "#D85504"
    }
  },
  {
    "model": "schedule.event",
    "pk": 38,
    "fields": {
      "start": "2020-02-09T04:00:00Z",
      "end": "2020-02-09T05:40:00Z",
      "title": "source: 提摩太團契 Timothy Fellowship 8PM-9:40PM",
      "description": "room#19",
      "creator": 1,
      "created_on": "2020-04-11T18:55:53.117Z",
      "updated_on": "2020-04-11T19:41:28.645Z",
      "rule": 26,
      "end_recurring_period": null,
      "calendar": 1,
      "color_event": "#D85504"
    }
  },
  {
    "model": "schedule.event",
    "pk": 39,
    "fields": {
      "start": "2020-02-09T04:00:00Z",
      "end": "2020-02-09T05:40:00Z",
      "title": "event#38",
      "description": "room#19",
      "creator": 1,
      "created_on": "2020-04-11T18:55:53.117Z",
      "updated_on": "2020-04-11T19:41:28.645Z",
      "rule": 26,
      "end_recurring_period": null,
      "calendar": 10,
      "color_event": "#D85504"
    }
  },
  {
    "model": "schedule.event",
    "pk": 40,
    "fields": {
      "start": "2020-02-09T06:00:00Z",
      "end": "2020-02-09T07:30:00Z",
      "title": "source: 餐服團契 Chinese Restaurant Fellowship 10-11:30PM",
      "description": "room#3",
      "creator": 1,
      "created_on": "2020-04-11T18:55:53.117Z",
      "updated_on": "2020-04-11T19:41:28.645Z",
      "rule": 27,
      "end_recurring_period": null,
      "calendar": 1,
      "color_event": "#D85504"
    }
  },
  {
    "model": "schedule.event",
    "pk": 41,
    "fields": {
      "start": "2020-02-09T06:00:00Z",
      "end": "2020-02-09T07:30:00Z",
      "title": "event#40",
      "description": "room#3",
      "creator": 1,
      "created_on": "2020-04-11T18:55:53.117Z",
      "updated_on": "2020-04-11T19:41:28.645Z",
      "rule": 27,
      "end_recurring_period": null,
      "calendar": 12,
      "color_event": "#D85504"
    }
  },
  {
    "model": "schedule.event",
    "pk": 42,
    "fields": {
      "start": "2020-02-09T18:00:00Z",
      "end": "2020-02-09T19:30:00Z",
      "title": "event#43",
      "description": "room#23",
      "creator": 1,
      "created_on": "2020-04-11T18:55:53.117Z",
      "updated_on": "2020-04-11T19:41:28.645Z",
      "rule": 28,
      "end_recurring_period": null,
      "calendar": 13,
      "color_event": "#D85504"
    }
  },
  {
    "model": "schedule.event",
    "pk": 43,
    "fields": {
      "start": "2020-02-09T18:00:00Z",
      "end": "2020-02-09T19:30:00Z",
      "title": "source: 姐妹團契 Chinese Sister Fellowship 10:00AM-11:30AM",
      "description": "room#23",
      "creator": 1,
      "created_on": "2022-04-11T18:55:53.117Z",
      "updated_on": "2022-09-11T19:41:28.645Z",
      "rule": 28,
      "end_recurring_period": null,
      "calendar": 1,
      "color_event": "#D85504"
    }
  },
  {
    "model": "schedule.eventrelation",
    "pk": 1,
    "fields": {
      "event": 1,
      "content_type": 102,
      "object_id": 1,
      "distinction": "source"
    }
  },
  {
    "model": "schedule.eventrelation",
    "pk": 2,
    "fields": {
      "event": 2,
      "content_type": 102,
      "object_id": 2,
      "distinction": "source"
    }
  },
  {
    "model": "schedule.eventrelation",
    "pk": 3,
    "fields": {
      "event": 3,
      "content_type": 102,
      "object_id": 3,
      "distinction": "source"
    }
  },
  {
    "model": "schedule.eventrelation",
    "pk": 4,
    "fields": {
      "event": 4,
      "content_type": 102,
      "object_id": 4,
      "distinction": "source"
    }
  },
  {
    "model": "schedule.eventrelation",
    "pk": 5,
    "fields": {
      "event": 5,
      "content_type": 102,
      "object_id": 7,
      "distinction": "source"
    }
  },
  {
    "model": "schedule.eventrelation",
    "pk": 6,
    "fields": {
      "event": 6,
      "content_type": 102,
      "object_id": 1,
      "distinction": "location"
    }
  },
  {
    "model": "schedule.eventrelation",
    "pk": 7,
    "fields": {
      "event": 7,
      "content_type": 102,
      "object_id": 2,
      "distinction": "location"
    }
  },
  {
    "model": "schedule.eventrelation",
    "pk": 8,
    "fields": {
      "event": 8,
      "content_type": 102,
      "object_id": 3,
      "distinction": "location"
    }
  },
  {
    "model": "schedule.eventrelation",
    "pk": 9,
    "fields": {
      "event": 9,
      "content_type": 102,
      "object_id": 4,
      "distinction": "location"
    }
  },
  {
    "model": "schedule.eventrelation",
    "pk": 10,
    "fields": {
      "event": 10,
      "content_type": 102,
      "object_id": 7,
      "distinction": "location"
    }
  },
  {
    "model": "schedule.eventrelation",
    "pk": 11,
    "fields": {
      "event": 25,
      "content_type": 102,
      "object_id": 19,
      "distinction": "source"
    }
  },
  {
    "model": "schedule.eventrelation",
    "pk": 12,
    "fields": {
      "event": 26,
      "content_type": 102,
      "object_id": 19,
      "distinction": "location"
    }
  },
  {
    "model": "schedule.eventrelation",
    "pk": 13,
    "fields": {
      "event": 27,
      "content_type": 102,
      "object_id": 20,
      "distinction": "source"
    }
  },
  {
    "model": "schedule.eventrelation",
    "pk": 14,
    "fields": {
      "event": 28,
      "content_type": 102,
      "object_id": 20,
      "distinction": "location"
    }
  },
  {
    "model": "schedule.eventrelation",
    "pk": 15,
    "fields": {
      "event": 29,
      "content_type": 102,
      "object_id": 5,
      "distinction": "source"
    }
  },
  {
    "model": "schedule.eventrelation",
    "pk": 16,
    "fields": {
      "event": 30,
      "content_type": 102,
      "object_id": 5,
      "distinction": "location"
    }
  },
  {
    "model": "schedule.eventrelation",
    "pk": 17,
    "fields": {
      "event": 31,
      "content_type": 102,
      "object_id": 21,
      "distinction": "source"
    }
  },
  {
    "model": "schedule.eventrelation",
    "pk": 18,
    "fields": {
      "event": 32,
      "content_type": 102,
      "object_id": 21,
      "distinction": "location"
    }
  },
  {
    "model": "schedule.eventrelation",
    "pk": 19,
    "fields": {
      "event": 33,
      "content_type": 102,
      "object_id": 19,
      "distinction": "location"
    }
  },
  {
    "model": "schedule.eventrelation",
    "pk": 20,
    "fields": {
      "event": 34,
      "content_type": 102,
      "object_id": 19,
      "distinction": "location"
    }
  },
  {
    "model": "schedule.eventrelation",
    "pk": 21,
    "fields": {
      "event": 35,
      "content_type": 102,
      "object_id": 21,
      "distinction": "location"
    }
  },
  {
    "model": "schedule.eventrelation",
    "pk": 22,
    "fields": {
      "event": 36,
      "content_type": 102,
      "object_id": 22,
      "distinction": "source"
    }
  },
  {
    "model": "schedule.eventrelation",
    "pk": 23,
    "fields": {
      "event": 37,
      "content_type": 102,
      "object_id": 22,
      "distinction": "location"
    }
  },
  {
    "model": "schedule.eventrelation",
    "pk": 24,
    "fields": {
      "event": 38,
      "content_type": 102,
      "object_id": 23,
      "distinction": "source"
    }
  },
  {
    "model": "schedule.eventrelation",
    "pk": 25,
    "fields": {
      "event": 39,
      "content_type": 102,
      "object_id": 23,
      "distinction": "location"
    }
  },
  {
    "model": "schedule.eventrelation",
    "pk": 26,
    "fields": {
      "event": 40,
      "content_type": 102,
      "object_id": 24,
      "distinction": "source"
    }
  },
  {
    "model": "schedule.eventrelation",
    "pk": 27,
    "fields": {
      "event": 41,
      "content_type": 102,
      "object_id": 24,
      "distinction": "location"
    }
  },
  {
    "model": "schedule.eventrelation",
    "pk": 28,
    "fields": {
      "event": 42,
      "content_type": 102,
      "object_id": 25,
      "distinction": "location"
    }
  },
  {
    "model": "schedule.eventrelation",
    "pk": 29,
    "fields": {
      "event": 43,
      "content_type": 102,
      "object_id": 25,
      "distinction": "source"
    }
  },
  {
    "model": "schedule.occurrence",
    "pk": 1,
    "fields": {
      "event": 1,
      "title": "gathering#1",
      "description": "room#1",
      "start": "2020-05-09T17:00:00Z",
      "end": "2020-05-09T18:59:59Z",
      "cancelled": false,
      "original_start": "2020-05-10T16:15:00Z",
      "original_end": "2020-05-10T19:40:00Z",
      "created_on": "2022-09-20T13:59:21.937Z",
      "updated_on": "2022-09-20T14:01:16.265Z"
    }
  },
  {
    "model": "schedule.occurrence",
    "pk": 2,
    "fields": {
      "event": 1,
      "title": "gathering#2",
      "description": "room#1",
      "start": "2020-05-17T17:00:00Z",
      "end": "2020-05-17T18:59:59Z",
      "cancelled": false,
      "original_start": "2020-05-17T16:15:00Z",
      "original_end": "2020-05-17T19:40:00Z",
      "created_on": "2022-09-20T14:03:13.981Z",
      "updated_on": "2022-09-20T14:03:13.981Z"
    }
  },
  {
    "model": "schedule.occurrence",
    "pk": 3,
    "fields": {
      "event": 3,
      "title": "gathering#3",
      "description": "room#7",
      "start": "2020-05-10T16:45:00Z",
      "end": "2020-05-10T18:30:00Z",
      "cancelled": false,
      "original_start": "2020-05-10T20:15:00Z",
      "original_end": "2020-05-10T22:00:00Z",
      "created_on": "2022-09-20T14:05:30.426Z",
      "updated_on": "2022-09-20T14:12:05.610Z"
    }
  },
  {
    "model": "schedule.occurrence",
    "pk": 4,
    "fields": {
      "event": 2,
      "title": "gathering#4",
      "description": "room#6",
      "start": "2020-05-09T17:00:00Z",
      "end": "2020-05-09T19:00:00Z",
      "cancelled": false,
      "original_start": "2020-05-10T17:00:00Z",
      "original_end": "2020-05-10T19:00:00Z",
      "created_on": "2022-09-20T14:13:05.835Z",
      "updated_on": "2022-09-20T14:13:05.835Z"
    }
  },
  {
    "model": "address.country",
    "pk": 1,
    "fields": {
      "name": "USA",
      "code": "US"
    }
  },
  {
    "model": "address.state",
    "pk": 1,
    "fields": {
      "name": "Alabama",
      "code": "AL",
      "country": 1
    }
  },
  {
    "model": "address.state",
    "pk": 2,
    "fields": {
      "name": "Alaska",
      "code": "AK",
      "country": 1
    }
  },
  {
    "model": "address.state",
    "pk": 3,
    "fields": {
      "name": "American Samoa",
      "code": "AS",
      "country": 1
    }
  },
  {
    "model": "address.state",
    "pk": 4,
    "fields": {
      "name": "Arizona",
      "code": "AZ",
      "country": 1
    }
  },
  {
    "model": "address.state",
    "pk": 5,
    "fields": {
      "name": "Arkansas",
      "code": "AR",
      "country": 1
    }
  },
  {
    "model": "address.state",
    "pk": 6,
    "fields": {
      "name": "California",
      "code": "CA",
      "country": 1
    }
  },
  {
    "model": "address.state",
    "pk": 7,
    "fields": {
      "name": "Colorado",
      "code": "CO",
      "country": 1
    }
  },
  {
    "model": "address.state",
    "pk": 8,
    "fields": {
      "name": "Connecticut",
      "code": "CT",
      "country": 1
    }
  },
  {
    "model": "address.state",
    "pk": 9,
    "fields": {
      "name": "Delaware",
      "code": "DE",
      "country": 1
    }
  },
  {
    "model": "address.state",
    "pk": 10,
    "fields": {
      "name": "District Of Columbia",
      "code": "DC",
      "country": 1
    }
  },
  {
    "model": "address.state",
    "pk": 11,
    "fields": {
      "name": "Federated States Of Micronesia",
      "code": "FM",
      "country": 1
    }
  },
  {
    "model": "address.state",
    "pk": 12,
    "fields": {
      "name": "Florida",
      "code": "FL",
      "country": 1
    }
  },
  {
    "model": "address.state",
    "pk": 13,
    "fields": {
      "name": "Georgia",
      "code": "GA",
      "country": 1
    }
  },
  {
    "model": "address.state",
    "pk": 14,
    "fields": {
      "name": "Guam",
      "code": "GU",
      "country": 1
    }
  },
  {
    "model": "address.state",
    "pk": 15,
    "fields": {
      "name": "Hawaii",
      "code": "HI",
      "country": 1
    }
  },
  {
    "model": "address.state",
    "pk": 16,
    "fields": {
      "name": "Idaho",
      "code": "ID",
      "country": 1
    }
  },
  {
    "model": "address.state",
    "pk": 17,
    "fields": {
      "name": "Illinois",
      "code": "IL",
      "country": 1
    }
  },
  {
    "model": "address.state",
    "pk": 18,
    "fields": {
      "name": "Indiana",
      "code": "IN",
      "country": 1
    }
  },
  {
    "model": "address.state",
    "pk": 19,
    "fields": {
      "name": "Iowa",
      "code": "IA",
      "country": 1
    }
  },
  {
    "model": "address.state",
    "pk": 20,
    "fields": {
      "name": "Kansas",
      "code": "KS",
      "country": 1
    }
  },
  {
    "model": "address.state",
    "pk": 21,
    "fields": {
      "name": "Kentucky",
      "code": "KY",
      "country": 1
    }
  },
  {
    "model": "address.state",
    "pk": 22,
    "fields": {
      "name": "Louisiana",
      "code": "LA",
      "country": 1
    }
  },
  {
    "model": "address.state",
    "pk": 23,
    "fields": {
      "name": "Maine",
      "code": "ME",
      "country": 1
    }
  },
  {
    "model": "address.state",
    "pk": 24,
    "fields": {
      "name": "Marshall Islands",
      "code": "MH",
      "country": 1
    }
  },
  {
    "model": "address.state",
    "pk": 25,
    "fields": {
      "name": "Maryland",
      "code": "MD",
      "country": 1
    }
  },
  {
    "model": "address.state",
    "pk": 26,
    "fields": {
      "name": "Massachusetts",
      "code": "MA",
      "country": 1
    }
  },
  {
    "model": "address.state",
    "pk": 27,
    "fields": {
      "name": "Michigan",
      "code": "MI",
      "country": 1
    }
  },
  {
    "model": "address.state",
    "pk": 28,
    "fields": {
      "name": "Minnesota",
      "code": "MN",
      "country": 1
    }
  },
  {
    "model": "address.state",
    "pk": 29,
    "fields": {
      "name": "Mississippi",
      "code": "MS",
      "country": 1
    }
  },
  {
    "model": "address.state",
    "pk": 30,
    "fields": {
      "name": "Missouri",
      "code": "MO",
      "country": 1
    }
  },
  {
    "model": "address.state",
    "pk": 31,
    "fields": {
      "name": "Montana",
      "code": "MT",
      "country": 1
    }
  },
  {
    "model": "address.state",
    "pk": 32,
    "fields": {
      "name": "Nebraska",
      "code": "NE",
      "country": 1
    }
  },
  {
    "model": "address.state",
    "pk": 33,
    "fields": {
      "name": "Nevada",
      "code": "NV",
      "country": 1
    }
  },
  {
    "model": "address.state",
    "pk": 34,
    "fields": {
      "name": "New Hampshire",
      "code": "NH",
      "country": 1
    }
  },
  {
    "model": "address.state",
    "pk": 35,
    "fields": {
      "name": "New Jersey",
      "code": "NJ",
      "country": 1
    }
  },
  {
    "model": "address.state",
    "pk": 36,
    "fields": {
      "name": "New Mexico",
      "code": "NM",
      "country": 1
    }
  },
  {
    "model": "address.state",
    "pk": 37,
    "fields": {
      "name": "New York",
      "code": "NY",
      "country": 1
    }
  },
  {
    "model": "address.state",
    "pk": 38,
    "fields": {
      "name": "North Carolina",
      "code": "NC",
      "country": 1
    }
  },
  {
    "model": "address.state",
    "pk": 39,
    "fields": {
      "name": "North Dakota",
      "code": "ND",
      "country": 1
    }
  },
  {
    "model": "address.state",
    "pk": 40,
    "fields": {
      "name": "Northern Mariana Islands",
      "code": "MP",
      "country": 1
    }
  },
  {
    "model": "address.state",
    "pk": 41,
    "fields": {
      "name": "Ohio",
      "code": "OH",
      "country": 1
    }
  },
  {
    "model": "address.state",
    "pk": 42,
    "fields": {
      "name": "Oklahoma",
      "code": "OK",
      "country": 1
    }
  },
  {
    "model": "address.state",
    "pk": 43,
    "fields": {
      "name": "Oregon",
      "code": "OR",
      "country": 1
    }
  },
  {
    "model": "address.state",
    "pk": 44,
    "fields": {
      "name": "Palau",
      "code": "PW",
      "country": 1
    }
  },
  {
    "model": "address.state",
    "pk": 45,
    "fields": {
      "name": "Pennsylvania",
      "code": "PA",
      "country": 1
    }
  },
  {
    "model": "address.state",
    "pk": 46,
    "fields": {
      "name": "Puerto Rico",
      "code": "PR",
      "country": 1
    }
  },
  {
    "model": "address.state",
    "pk": 47,
    "fields": {
      "name": "Rhode Island",
      "code": "RI",
      "country": 1
    }
  },
  {
    "model": "address.state",
    "pk": 48,
    "fields": {
      "name": "South Carolina",
      "code": "SC",
      "country": 1
    }
  },
  {
    "model": "address.state",
    "pk": 49,
    "fields": {
      "name": "South Dakota",
      "code": "SD",
      "country": 1
    }
  },
  {
    "model": "address.state",
    "pk": 50,
    "fields": {
      "name": "Tennessee",
      "code": "TN",
      "country": 1
    }
  },
  {
    "model": "address.state",
    "pk": 51,
    "fields": {
      "name": "Texas",
      "code": "TX",
      "country": 1
    }
  },
  {
    "model": "address.state",
    "pk": 52,
    "fields": {
      "name": "Utah",
      "code": "UT",
      "country": 1
    }
  },
  {
    "model": "address.state",
    "pk": 53,
    "fields": {
      "name": "Vermont",
      "code": "VT",
      "country": 1
    }
  },
  {
    "model": "address.state",
    "pk": 54,
    "fields": {
      "name": "Virgin Islands",
      "code": "VI",
      "country": 1
    }
  },
  {
    "model": "address.state",
    "pk": 55,
    "fields": {
      "name": "Virginia",
      "code": "VA",
      "country": 1
    }
  },
  {
    "model": "address.state",
    "pk": 56,
    "fields": {
      "name": "Washington",
      "code": "WA",
      "country": 1
    }
  },
  {
    "model": "address.state",
    "pk": 57,
    "fields": {
      "name": "West Virginia",
      "code": "WV",
      "country": 1
    }
  },
  {
    "model": "address.state",
    "pk": 58,
    "fields": {
      "name": "Wisconsin",
      "code": "WI",
      "country": 1
    }
  },
  {
    "model": "address.state",
    "pk": 59,
    "fields": {
      "name": "Wyoming",
      "code": "WY",
      "country": 1
    }
  },
  {
    "model": "address.state",
    "pk": 60,
    "fields": {
      "name": "U.S. Armed Forces - Americas",
      "code": "AA",
      "country": 1
    }
  },
  {
    "model": "address.state",
    "pk": 61,
    "fields": {
      "name": "U.S. Armed Forces - Europe",
      "code": "AE",
      "country": 1
    }
  },
  {
    "model": "address.state",
    "pk": 62,
    "fields": {
      "name": "U.S. Armed Forces - Pacific",
      "code": "AP",
      "country": 1
    }
  },
  {
    "model": "address.locality",
    "pk": 1,
    "fields": {
      "name": "Hayward",
      "postal_code": "94541",
      "state": 6
    }
  },
  {
    "model": "address.locality",
    "pk": 2,
    "fields": {
      "name": "Rohnert Park",
      "postal_code": "94928",
      "state": 6
    }
  },
  {
    "model": "address.address",
    "pk": 1,
    "fields": {
      "street_number": "157",
      "route": "Smalley Avenue",
      "extra": null,
      "name": "CFCCH",
      "type": "street",
      "hash": null,
      "locality": 1,
      "raw": "157 Smalley Ave. Hayward, CA 94541",
      "formatted": "CFCCH 157 Smalley Ave. Hayward, CA 94541",
      "latitude": null,
      "longitude": null
    }
  },
  {
    "model": "address.address",
    "pk": 2,
    "fields": {
      "street_number": "222",
      "route": "Burbank Street",
      "extra": null,
      "name": "Burbank Primary School",
      "type": "street",
      "hash": null,
      "locality": 1,
      "raw": "222 Burbank St. Hayward, CA 94541",
      "formatted": "Burbank Primary School 222 Burbank St. Hayward, CA 94541",
      "latitude": null,
      "longitude": null
    }
  },
  {
    "model": "address.address",
    "pk": 3,
    "fields": {
      "street_number": "1",
      "route": "pretty street",
      "extra": null,
      "name": "Hagar's place",
      "type": "street",
      "hash": null,
      "locality": 1,
      "raw": "1 pretty st. Hayward, CA 94541",
      "formatted": "Hagar's place: 1 pretty st. Hayward, CA 94541",
      "latitude": null,
      "longitude": null
    }
  },
  {
    "model": "address.address",
    "pk": 4,
    "fields": {
      "street_number": "2",
      "route": "good street",
      "extra": null,
      "name": "Ishmael's place",
      "type": "street",
      "hash": null,
      "locality": 1,
      "raw": "2 good street, Hayward, CA 94541",
      "formatted": "Ishmael's place: 2 good street, Hayward, CA 94541",
      "latitude": null,
      "longitude": null
    }
  },
  {
    "model": "address.address",
    "pk": 5,
    "fields": {
      "street_number": "3",
      "route": "great road",
      "extra": null,
      "name": "admin's place",
      "type": "street",
      "hash": null,
      "locality": 1,
      "raw": "3 great rd, Hayward, CA 94541",
      "formatted": "admin's place: 3 great rd, Hayward, CA 94541",
      "latitude": null,
      "longitude": null
    }
  },
  {
    "model": "address.address",
    "pk": 6,
    "fields": {
      "street_number": "4",
      "route": "cool lane",
      "extra": "#A123",
      "name": "Abraham's place",
      "type": "street",
      "hash": null,
      "locality": 1,
      "raw": "4 cool lane #A123, Hayward, CA 94541",
      "formatted": "Abraham's place: 4 cool lane #A123, Hayward, CA 94541",
      "latitude": null,
      "longitude": null
    }
  },
  {
    "model": "address.address",
    "pk": 7,
    "fields": {
      "street_number": "5",
      "route": "excellent court",
      "extra": null,
      "name": null,
      "type": "street",
      "hash": null,
      "locality": 1,
      "raw": "5 excellent ct., Hayward, CA 94541",
      "formatted": "5 excellent ct., Hayward, CA 94541",
      "latitude": null,
      "longitude": null
    }
  },
  {
    "model": "address.address",
    "pk": 8,
    "fields": {
      "street_number": "6",
      "route": "beautiful drive",
      "extra": null,
      "name": null,
      "type": "street",
      "hash": null,
      "locality": 1,
      "raw": "6 beautiful dr, Hayward, CA 94541",
      "formatted": "6 beautiful dr, Hayward, CA 94541",
      "latitude": null,
      "longitude": null
    }
  },
  {
    "model": "address.address",
    "pk": 9,
    "fields": {
      "street_number": "7",
      "route": "throne way",
      "extra": null,
      "name": "throne worship",
      "type": "street",
      "hash": null,
      "locality": 1,
      "raw": "7 throne way, Hayward, CA 94541",
      "formatted": "throne worship: 7 throne way, Hayward, CA 94541",
      "latitude": null,
      "longitude": null
    }
  },
  {
    "model": "address.address",
    "pk": 10,
    "fields": {
      "street_number": "8",
      "route": "Ketagalan Boulevard",
      "extra": null,
      "name": "junior_special_activity",
      "type": "street",
      "hash": null,
      "locality": null,
      "raw": "8 Ketagalan Boulevard, Pescadores Islands, TW 88049",
      "formatted": "junior_special_activity: 8 Ketagalan Boulevard, Pescadores Islands, TW 88049",
      "latitude": null,
      "longitude": null
    }
  },
  {
    "model": "address.address",
    "pk": 11,
    "fields": {
      "street_number": "1801",
      "route": "East Cotati Avenue",
      "extra": null,
      "name": "summer_retreat",
      "type": "street",
      "hash": null,
      "locality": 2,
      "raw": "1801 E Cotati Ave. Rohnert Park, CA 94928",
      "formatted": "summer_retreat: 1801 E Cotati Ave. Rohnert Park, CA 94928",
      "latitude": null,
      "longitude": null
    }
  },
  {
    "model": "users.menu",
    "pk": 1,
    "fields": {
      "created": "2020-04-13T04:34:36.681Z",
      "modified": "2020-04-26T18:13:41.253Z",
      "is_removed": false,
      "organization": 1,
      "category": "main",
      "parent": null,
      "html_type": "a",
      "urn": "#",
      "url_name": "My_Info",
      "display_name": "My Info 相關行程",
      "display_order": 100,
      "infos": {
        "role": "tab",
        "class": "nav-link dropdown-toggle",
        "aria-expanded": "false",
        "aria-haspopup": "true",
        "data-bs-toggle": "dropdown"
      },
      "lft": 1,
      "rght": 32,
      "tree_id": 13,
      "level": 0
    }
  },
  {
    "model": "users.menu",
    "pk": 2,
    "fields": {
      "created": "2020-04-13T04:45:48.466Z",
      "modified": "2022-07-18T00:25:04.797Z",
      "is_removed": false,
      "organization": 1,
      "category": "main",
      "parent": 4,
      "html_type": "a",
      "urn": "/occasions/location_timeline/",
      "url_name": "location_timeline_list_view",
      "display_name": "Location Timeline 地點行程",
      "display_order": 2100,
      "infos": {
        "class": "dropdown-item",
        "title": "Location Timeline"
      },
      "lft": 2,
      "rght": 3,
      "tree_id": 14,
      "level": 1
    }
  },
  {
    "model": "users.menu",
    "pk": 3,
    "fields": {
      "created": "2020-04-13T04:51:13.160Z",
      "modified": "2022-07-18T00:16:34.987Z",
      "is_removed": false,
      "organization": 1,
      "category": "main",
      "parent": 1,
      "html_type": "a",
      "urn": "/occasions/datagrid_user_organization_attendances/",
      "url_name": "datagrid_user_organization_attendances",
      "display_name": "My activities 個人行程",
      "display_order": 1200,
      "infos": {
        "class": "dropdown-item",
        "title": "My (families) attendance"
      },
      "lft": 18,
      "rght": 19,
      "tree_id": 13,
      "level": 1
    }
  },
  {
    "model": "users.menu",
    "pk": 4,
    "fields": {
      "created": "2020-04-13T05:09:06.273Z",
      "modified": "2022-07-18T00:28:05.016Z",
      "is_removed": false,
      "organization": 1,
      "category": "main",
      "parent": null,
      "html_type": "a",
      "urn": "#",
      "url_name": "Children_Ministry",
      "display_name": "Coworkers Info 同工資料",
      "display_order": 2000,
      "infos": {
        "role": "tab",
        "class": "nav-link dropdown-toggle",
        "aria-expanded": "false",
        "aria-haspopup": "true",
        "data-bs-toggle": "dropdown"
      },
      "lft": 1,
      "rght": 16,
      "tree_id": 14,
      "level": 0
    }
  },
  {
    "model": "users.menu",
    "pk": 5,
    "fields": {
      "created": "2020-04-13T05:12:20.438Z",
      "modified": "2020-04-26T18:16:36.469Z",
      "is_removed": false,
      "organization": 1,
      "category": "main",
      "parent": 1,
      "html_type": "a",
      "urn": "#",
      "url_name": "Registration_updates",
      "display_name": "Registration/updates 註冊/更新",
      "display_order": 1100,
      "infos": {
        "class": "dropdown-item"
      },
      "lft": 16,
      "rght": 17,
      "tree_id": 13,
      "level": 1
    }
  },
  {
    "model": "users.menu",
    "pk": 6,
    "fields": {
      "created": "2020-04-13T05:14:05.406Z",
      "modified": "2022-07-18T00:07:49.692Z",
      "is_removed": false,
      "organization": 1,
      "category": "archived",
      "parent": 4,
      "html_type": "a",
      "urn": "/persons/cfcch_children_ministry/cfcch_junior_regular_activity/datagrid_assembly_all_attendings/?characters=d7c8Fd_cfcch_kid_student",
      "url_name": "datagrid_assembly_all_attendings",
      "display_name": "regular-kid attending 一般活動登記",
      "display_order": 2300,
      "infos": {
        "class": "dropdown-item",
        "title": "Student Roster"
      },
      "lft": 4,
      "rght": 5,
      "tree_id": 14,
      "level": 1
    }
  },
  {
    "model": "users.menu",
    "pk": 7,
    "fields": {
      "created": "2020-04-13T05:17:33.909Z",
      "modified": "2022-07-18T00:08:12.556Z",
      "is_removed": false,
      "organization": 1,
      "category": "archived",
      "parent": 4,
      "html_type": "a",
      "urn": "/occasions/cfcch_children_ministry/cfcch_junior_regular_activity/datagrid_assembly_all_attendances/",
      "url_name": "datagrid_assembly_all_attendances",
      "display_name": "regular-kid attendances 一般活動出席",
      "display_order": 2500,
      "infos": {
        "class": "dropdown-item",
        "title": "Leader List"
      },
      "lft": 10,
      "rght": 11,
      "tree_id": 14,
      "level": 1
    }
  },
  {
    "model": "users.menu",
    "pk": 10,
    "fields": {
      "created": "2020-04-17T16:56:21.296Z",
      "modified": "2022-07-18T00:16:34.971Z",
      "is_removed": false,
      "organization": 1,
      "category": "main",
      "parent": 1,
      "html_type": "div",
      "urn": null,
      "url_name": "divider_between_registration_activities",
      "display_name": "divider between registration&activities",
      "display_order": 1300,
      "infos": {
        "class": "dropdown-divider"
      },
      "lft": 20,
      "rght": 21,
      "tree_id": 13,
      "level": 1
    }
  },
  {
    "model": "users.menu",
    "pk": 11,
    "fields": {
      "created": "2020-04-17T16:58:47.210Z",
      "modified": "2022-07-18T00:26:05.196Z",
      "is_removed": false,
      "organization": 1,
      "category": "main",
      "parent": 4,
      "html_type": "div",
      "urn": null,
      "url_name": "divider_between_participation_attendances",
      "display_name": "divider between participation & attendance date",
      "display_order": 2600,
      "infos": {
        "class": "dropdown-divider"
      },
      "lft": 8,
      "rght": 9,
      "tree_id": 14,
      "level": 1
    }
  },
  {
    "model": "users.menu",
    "pk": 12,
    "fields": {
      "created": "2020-05-11T01:06:34.974Z",
      "modified": "2022-07-18T00:07:14.815Z",
      "is_removed": false,
      "organization": 1,
      "category": "archived",
      "parent": null,
      "html_type": "a",
      "urn": "#",
      "url_name": "congregation_data",
      "display_name": "general data 通用資料",
      "display_order": 3000,
      "infos": {
        "role": "tab",
        "class": "nav-link dropdown-toggle",
        "aria-expanded": "false",
        "aria-haspopup": "true",
        "data-bs-toggle": "dropdown"
      },
      "lft": 1,
      "rght": 6,
      "tree_id": 15,
      "level": 0
    }
  },
  {
    "model": "users.menu",
    "pk": 13,
    "fields": {
      "created": "2020-05-11T01:12:54.878Z",
      "modified": "2022-07-18T00:06:55.496Z",
      "is_removed": false,
      "organization": 1,
      "category": "archived",
      "parent": 12,
      "html_type": "a",
      "urn": "/occasions/cfcch_data_management/cfcch_congregation_data/datagrid_assembly_all_attendances/",
      "url_name": "datagrid_assembly_all_attendances",
      "display_name": "出席紀錄 attendance",
      "display_order": 3500,
      "infos": {
        "class": "dropdown-item",
        "title": "roster list"
      },
      "lft": 4,
      "rght": 5,
      "tree_id": 15,
      "level": 1
    }
  },
  {
    "model": "users.menu",
    "pk": 14,
    "fields": {
      "created": "2020-11-09T00:11:23.118Z",
      "modified": "2022-07-18T00:07:07.318Z",
      "is_removed": false,
      "organization": 1,
      "category": "archived",
      "parent": 12,
      "html_type": "a",
      "urn": "/persons/cfcch_data_management/cfcch_congregation_data/datagrid_assembly_data_attendings/?characters=d7c8Fd_cfcch_congregation_data_roster",
      "url_name": "datagrid_assembly_data_attendings",
      "display_name": "會眾參與 attending",
      "display_order": 3200,
      "infos": {
        "class": "dropdown-item",
        "title": "congregation attending"
      },
      "lft": 2,
      "rght": 3,
      "tree_id": 15,
      "level": 1
    }
  },
  {
    "model": "users.menu",
    "pk": 15,
    "fields": {
      "created": "2020-11-20T16:12:21.803Z",
      "modified": "2021-07-17T17:29:22.795Z",
      "is_removed": false,
      "organization": 1,
      "category": "main",
      "parent": 1,
      "html_type": "a",
      "urn": "/persons/attendees/",
      "url_name": "attendees_list_view",
      "display_name": "others info 他人資料",
      "display_order": 1000,
      "infos": {
        "class": "dropdown-item",
        "title": "other attendees data"
      },
      "lft": 14,
      "rght": 15,
      "tree_id": 13,
      "level": 1
    }
  },
  {
    "model": "users.menu",
    "pk": 19,
    "fields": {
      "created": "2020-12-14T04:43:29Z",
      "modified": "2021-07-15T15:41:44.030Z",
      "is_removed": false,
      "organization": 1,
      "category": "sublink",
      "parent": 1,
      "html_type": "permission",
      "urn": "/persons/attendee/",
      "url_name": "attendee_update_view",
      "display_name": "update attendee 更新他人",
      "display_order": 725,
      "infos": {
        "class": "dropdown-item",
        "title": "Update attendee info"
      },
      "lft": 6,
      "rght": 7,
      "tree_id": 13,
      "level": 1
    }
  },
  {
    "model": "users.menu",
    "pk": 20,
    "fields": {
      "created": "2021-05-30T22:58:10.048Z",
      "modified": "2021-06-11T16:36:02.122Z",
      "is_removed": false,
      "organization": 1,
      "category": "API",
      "parent": null,
      "html_type": "",
      "urn": "/persons/api/attendee_relationships/",
      "url_name": "api_attendee_relationships_view_set",
      "display_name": "api_attendee_relationships_view_set",
      "display_order": 0,
      "infos": {},
      "lft": 1,
      "rght": 2,
      "tree_id": 6,
      "level": 0
    }
  },
  {
    "model": "users.menu",
    "pk": 21,
    "fields": {
      "created": "2021-05-30T23:04:38.258Z",
      "modified": "2021-06-11T16:36:10.238Z",
      "is_removed": false,
      "organization": 1,
      "category": "API",
      "parent": null,
      "html_type": "education",
      "urn": "/persons/api/categorized_pasts/?category__type=education",
      "url_name": "api_categorized_pasts_view_set_education",
      "display_name": "api_categorized_pasts_view_set_education",
      "display_order": 0,
      "infos": {},
      "lft": 1,
      "rght": 2,
      "tree_id": 7,
      "level": 0
    }
  },
  {
    "model": "users.menu",
    "pk": 22,
    "fields": {
      "created": "2021-05-30T23:05:59.529Z",
      "modified": "2021-06-11T16:43:51.181Z",
      "is_removed": false,
      "organization": 1,
      "category": "API",
      "parent": null,
      "html_type": "status",
      "urn": "/persons/api/categorized_pasts/?category__type=status",
      "url_name": "api_categorized_pasts_view_set_status",
      "display_name": "api_categorized_pasts_view_set_status",
      "display_order": 0,
      "infos": {},
      "lft": 1,
      "rght": 2,
      "tree_id": 9,
      "level": 0
    }
  },
  {
    "model": "users.menu",
    "pk": 23,
    "fields": {
      "created": "2021-06-11T16:45:14.949Z",
      "modified": "2021-06-11T16:45:14.949Z",
      "is_removed": false,
      "organization": 1,
      "category": "API",
      "parent": null,
      "html_type": "note",
      "urn": "/persons/api/categorized_pasts/?category__type=note",
      "url_name": "api_categorized_pasts_view_set_note",
      "display_name": "api_categorized_pasts_view_set_note",
      "display_order": 0,
      "infos": {},
      "lft": 1,
      "rght": 2,
      "tree_id": 8,
      "level": 0
    }
  },
  {
    "model": "users.menu",
    "pk": 24,
    "fields": {
      "created": "2021-07-03T19:11:57.123Z",
      "modified": "2021-07-15T15:40:52.026Z",
      "is_removed": false,
      "organization": 1,
      "category": "sublink",
      "parent": 1,
      "html_type": "permission",
      "urn": "/persons/attendee/new",
      "url_name": "attendee_create_view",
      "display_name": "create attendee 另建新人",
      "display_order": 730,
      "infos": {},
      "lft": 10,
      "rght": 11,
      "tree_id": 13,
      "level": 1
    }
  },
  {
    "model": "users.menu",
    "pk": 25,
    "fields": {
      "created": "2021-07-09T15:35:48.091Z",
      "modified": "2021-07-15T15:40:17.718Z",
      "is_removed": false,
      "organization": 1,
      "category": "main",
      "parent": 1,
      "html_type": "a",
      "urn": "/persons/attendee/self",
      "url_name": "attendee_update_self",
      "display_name": "self info 自身資料",
      "display_order": 726,
      "infos": {
        "class": "dropdown-item",
        "title": "Update attendee info"
      },
      "lft": 8,
      "rght": 9,
      "tree_id": 13,
      "level": 1
    }
  },
  {
    "model": "users.menu",
    "pk": 26,
    "fields": {
      "created": "2021-07-17T23:36:05.745Z",
      "modified": "2022-08-14T22:20:08.149Z",
      "is_removed": false,
      "organization": 1,
      "category": "main",
      "parent": 1,
      "html_type": "a",
      "urn": "/occasions/gatherings/",
      "url_name": "gatherings_list_view",
      "display_name": "gatherings 每次活動列表",
      "display_order": 1700,
      "infos": {
        "class": "dropdown-item",
        "title": "Gatherings list"
      },
      "lft": 28,
      "rght": 29,
      "tree_id": 13,
      "level": 1
    }
  },
  {
    "model": "users.menu",
    "pk": 27,
    "fields": {
      "created": "2021-08-26T17:01:46.726Z",
      "modified": "2021-08-26T17:01:46.726Z",
      "is_removed": false,
      "organization": 1,
      "category": "API",
      "parent": null,
      "html_type": "",
      "urn": "/occasions/api/series_gatherings/",
      "url_name": "series_gatherings-list",
      "display_name": "series_gatherings_viewset",
      "display_order": 0,
      "infos": {
        "note": "url_name is for coworkers to batch create series of gatherings from /occasions/gatherings/"
      },
      "lft": 1,
      "rght": 2,
      "tree_id": 11,
      "level": 0
    }
  },
  {
    "model": "users.menu",
    "pk": 28,
    "fields": {
      "created": "2021-10-12T15:49:33.093Z",
      "modified": "2022-09-23T16:00:15.614Z",
      "is_removed": false,
      "organization": 1,
      "category": "archived",
      "parent": 1,
      "html_type": "div",
      "urn": null,
      "url_name": "divider_for_organizational_activities",
      "display_name": "divider_for_organizational_activities",
      "display_order": 1400,
      "infos": {
        "class": "dropdown-divider"
      },
      "lft": 24,
      "rght": 25,
      "tree_id": 13,
      "level": 1
    }
  },
  {
    "model": "users.menu",
    "pk": 29,
    "fields": {
      "created": "2021-10-12T16:07:45.994Z",
      "modified": "2021-10-13T15:38:58.049Z",
      "is_removed": false,
      "organization": 1,
      "category": "main",
      "parent": 1,
      "html_type": "a",
      "urn": "/occasions/attendances/",
      "url_name": "attendances_list_view",
      "display_name": "attendance 出席行程列表",
      "display_order": 1800,
      "infos": {
        "class": "dropdown-item",
        "title": "attendance list"
      },
      "lft": 30,
      "rght": 31,
      "tree_id": 13,
      "level": 1
    }
  },
  {
    "model": "users.menu",
    "pk": 30,
    "fields": {
      "created": "2021-10-13T15:36:08.272Z",
      "modified": "2022-08-14T22:20:08.164Z",
      "is_removed": false,
      "organization": 1,
      "category": "main",
      "parent": 1,
      "html_type": "a",
      "urn": "/persons/attendingmeets/",
      "url_name": "attendingmeets_list_view",
      "display_name": "enrollment 活動登記列表",
      "display_order": 1600,
      "infos": {
        "class": "dropdown-item",
        "title": "Gatherings list"
      },
      "lft": 28,
      "rght": 29,
      "tree_id": 13,
      "level": 1
    }
  },
  {
    "model": "users.menu",
    "pk": 31,
    "fields": {
      "created": "2021-11-29T17:49:00.747Z",
      "modified": "2021-11-29T17:49:00.747Z",
      "is_removed": false,
      "organization": 1,
      "category": "API",
      "parent": null,
      "html_type": "",
      "urn": "/persons/api/datagrid_data_familyattendees/",
      "url_name": "api_attendee_folkattendee_scheduler_column",
      "display_name": "api_attendee_folkattendee_scheduler_column",
      "display_order": 0,
      "infos": {},
      "lft": 1,
      "rght": 2,
      "tree_id": 4,
      "level": 0
    }
  },
  {
    "model": "users.menu",
    "pk": 32,
    "fields": {
      "created": "2021-11-29T17:49:37.438Z",
      "modified": "2021-11-29T17:49:37.438Z",
      "is_removed": false,
      "organization": 1,
      "category": "API",
      "parent": null,
      "html_type": "",
      "urn": "/persons/api/datagrid_data_familyattendees/",
      "url_name": "api_attendee_folkattendee_secret_column",
      "display_name": "api_attendee_folkattendee_secret_column",
      "display_order": 0,
      "infos": {},
      "lft": 1,
      "rght": 2,
      "tree_id": 5,
      "level": 0
    }
  },
  {
    "model": "users.menu",
    "pk": 33,
    "fields": {
      "created": "2022-06-28T16:10:05.478Z",
      "modified": "2022-07-18T00:26:05.214Z",
      "is_removed": false,
      "organization": 1,
      "category": "sublink",
      "parent": 4,
      "html_type": "a",
      "urn": "/persons/directory_report/",
      "url_name": "directory_report_list_view",
      "display_name": "通訊錄PDF directory PDF",
      "display_order": 2900,
      "infos": {
        "class": "dropdown-item",
        "title": "directory pdf"
      },
      "lft": 14,
      "rght": 15,
      "tree_id": 14,
      "level": 1
    }
  },
  {
    "model": "users.menu",
    "pk": 34,
    "fields": {
      "created": "2022-07-02T04:30:28.461Z",
      "modified": "2022-07-18T00:26:05.206Z",
      "is_removed": false,
      "organization": 1,
      "category": "main",
      "parent": 4,
      "html_type": "a",
      "urn": "/persons/directory_print_configuration/",
      "url_name": "directory_print_configuration_view",
      "display_name": "directory 通訊錄",
      "display_order": 2800,
      "infos": {
        "class": "dropdown-item",
        "title": "directory print"
      },
      "lft": 12,
      "rght": 13,
      "tree_id": 14,
      "level": 1
    }
  },
  {
    "model": "users.menu",
    "pk": 35,
    "fields": {
      "created": "2022-07-18T00:23:30.418Z",
      "modified": "2022-08-14T22:20:59.498Z",
      "is_removed": false,
      "organization": 1,
      "category": "main",
      "parent": 4,
      "html_type": "a",
      "urn": "/occasions/roster/",
      "url_name": "roster_list_view",
      "display_name": "Roster 點名單",
      "display_order": 2400,
      "infos": {
        "class": "dropdown-item",
        "title": "Roster"
      },
      "lft": 8,
      "rght": 9,
      "tree_id": 14,
      "level": 1
    }
  },
  {
    "model": "users.menu",
    "pk": 36,
    "fields": {
      "created": "2022-08-21T16:15:26.412Z",
      "modified": "2022-08-21T16:15:26.412Z",
      "is_removed": false,
      "organization": 1,
      "category": "API",
      "parent": null,
      "html_type": "",
      "urn": "/occasions/api/series_attendances/",
      "url_name": "series_attendances-list",
      "display_name": "series_attendances_viewset",
      "display_order": 0,
      "infos": {
        "note": "url_name is for coworkers to batch create series of attendance from /occasions/attendances/"
      },
      "lft": 1,
      "rght": 2,
      "tree_id": 10,
      "level": 0
    }
  },
  {
    "model": "users.menu",
    "pk": 37,
    "fields": {
      "created": "2022-09-23T16:06:22.431Z",
      "modified": "2022-09-23T16:06:22.431Z",
      "is_removed": false,
      "organization": 1,
      "category": "main",
      "parent": 1,
      "html_type": "a",
      "urn": "/occasions/calendars/",
      "url_name": "calendars_list_view",
      "display_name": "calendar 全部行程日曆",
      "display_order": 1500,
      "infos": {
        "class": "dropdown-item",
        "title": "Calendar"
      },
      "lft": 26,
      "rght": 27,
      "tree_id": 13,
      "level": 1
    }
  },
  {
    "model": "users.menu",
    "pk": 38,
    "fields": {
      "created": "2022-10-19T14:55:57.981Z",
      "modified": "2022-10-19T14:55:57.981Z",
      "is_removed": false,
      "organization": 1,
      "category": "sublink",
      "parent": null,
      "html_type": "a",
      "urn": "/persons/directory_preview/",
      "url_name": "person_directory_preview",
      "display_name": "Personal Directory Preview 個人通訊錄預覽",
      "display_order": 50,
      "infos": {
        "class": "dropdown-item",
        "title": "Personal Directory Preview"
      },
      "lft": 1,
      "rght": 2,
      "tree_id": 12,
      "level": 0
    }
  },
  {
    "model": "users.menuauthgroup",
    "pk": 1,
    "fields": {
      "created": "2020-04-13T15:11:53.264Z",
      "modified": "2020-04-13T15:11:53.264Z",
      "is_removed": false,
      "auth_group": 300,
      "read": true,
      "write": true,
      "menu": 1
    }
  },
  {
    "model": "users.menuauthgroup",
    "pk": 2,
    "fields": {
      "created": "2020-04-13T15:11:53.265Z",
      "modified": "2020-04-13T15:11:53.265Z",
      "is_removed": false,
      "auth_group": 200,
      "read": true,
      "write": true,
      "menu": 1
    }
  },
  {
    "model": "users.menuauthgroup",
    "pk": 3,
    "fields": {
      "created": "2020-04-13T15:11:53.265Z",
      "modified": "2020-04-13T15:11:53.265Z",
      "is_removed": false,
      "auth_group": 100,
      "read": true,
      "write": false,
      "menu": 1
    }
  },
  {
    "model": "users.menuauthgroup",
    "pk": 4,
    "fields": {
      "created": "2020-04-13T15:12:19.422Z",
      "modified": "2020-04-13T15:12:19.422Z",
      "is_removed": false,
      "auth_group": 300,
      "read": true,
      "write": true,
      "menu": 3
    }
  },
  {
    "model": "users.menuauthgroup",
    "pk": 5,
    "fields": {
      "created": "2020-04-13T15:12:19.422Z",
      "modified": "2020-04-13T15:12:19.422Z",
      "is_removed": false,
      "auth_group": 200,
      "read": true,
      "write": true,
      "menu": 3
    }
  },
  {
    "model": "users.menuauthgroup",
    "pk": 6,
    "fields": {
      "created": "2020-04-13T15:12:19.423Z",
      "modified": "2020-04-13T15:12:19.423Z",
      "is_removed": false,
      "auth_group": 100,
      "read": true,
      "write": false,
      "menu": 3
    }
  },
  {
    "model": "users.menuauthgroup",
    "pk": 7,
    "fields": {
      "created": "2020-04-13T15:12:40.982Z",
      "modified": "2020-04-13T15:12:40.982Z",
      "is_removed": false,
      "auth_group": 300,
      "read": true,
      "write": true,
      "menu": 2
    }
  },
  {
    "model": "users.menuauthgroup",
    "pk": 8,
    "fields": {
      "created": "2020-04-13T15:12:40.983Z",
      "modified": "2020-04-13T15:12:40.983Z",
      "is_removed": false,
      "auth_group": 200,
      "read": true,
      "write": true,
      "menu": 2
    }
  },
  {
    "model": "users.menuauthgroup",
    "pk": 9,
    "fields": {
      "created": "2020-04-13T15:13:27.598Z",
      "modified": "2020-04-13T15:13:27.598Z",
      "is_removed": false,
      "auth_group": 300,
      "read": true,
      "write": true,
      "menu": 4
    }
  },
  {
    "model": "users.menuauthgroup",
    "pk": 10,
    "fields": {
      "created": "2020-04-13T15:13:27.599Z",
      "modified": "2020-04-13T15:13:27.599Z",
      "is_removed": false,
      "auth_group": 200,
      "read": true,
      "write": true,
      "menu": 4
    }
  },
  {
    "model": "users.menuauthgroup",
    "pk": 11,
    "fields": {
      "created": "2020-04-13T15:13:27.599Z",
      "modified": "2022-07-18T00:05:49.803Z",
      "is_removed": false,
      "auth_group": 600,
      "read": true,
      "write": true,
      "menu": 4
    }
  },
  {
    "model": "users.menuauthgroup",
    "pk": 12,
    "fields": {
      "created": "2020-04-13T15:13:46.035Z",
      "modified": "2020-04-13T15:13:46.035Z",
      "is_removed": false,
      "auth_group": 300,
      "read": false,
      "write": false,
      "menu": 5
    }
  },
  {
    "model": "users.menuauthgroup",
    "pk": 13,
    "fields": {
      "created": "2020-04-13T15:13:46.035Z",
      "modified": "2020-04-13T15:13:46.035Z",
      "is_removed": false,
      "auth_group": 200,
      "read": false,
      "write": false,
      "menu": 5
    }
  },
  {
    "model": "users.menuauthgroup",
    "pk": 14,
    "fields": {
      "created": "2020-04-13T15:13:46.036Z",
      "modified": "2020-04-13T15:13:46.036Z",
      "is_removed": false,
      "auth_group": 100,
      "read": false,
      "write": false,
      "menu": 5
    }
  },
  {
    "model": "users.menuauthgroup",
    "pk": 15,
    "fields": {
      "created": "2020-04-13T15:15:18.103Z",
      "modified": "2020-04-13T15:15:18.103Z",
      "is_removed": false,
      "auth_group": 300,
      "read": true,
      "write": true,
      "menu": 6
    }
  },
  {
    "model": "users.menuauthgroup",
    "pk": 16,
    "fields": {
      "created": "2020-04-13T15:15:18.103Z",
      "modified": "2020-04-13T15:15:18.103Z",
      "is_removed": false,
      "auth_group": 200,
      "read": true,
      "write": true,
      "menu": 6
    }
  },
  {
    "model": "users.menuauthgroup",
    "pk": 17,
    "fields": {
      "created": "2020-04-15T01:34:48.010Z",
      "modified": "2020-04-15T01:34:48.010Z",
      "is_removed": false,
      "auth_group": 300,
      "read": true,
      "write": true,
      "menu": 7
    }
  },
  {
    "model": "users.menuauthgroup",
    "pk": 18,
    "fields": {
      "created": "2020-04-15T01:34:48.010Z",
      "modified": "2020-04-15T01:34:48.010Z",
      "is_removed": false,
      "auth_group": 200,
      "read": true,
      "write": true,
      "menu": 7
    }
  },
  {
    "model": "users.menuauthgroup",
    "pk": 23,
    "fields": {
      "created": "2020-04-17T16:56:21.304Z",
      "modified": "2020-04-17T16:56:21.304Z",
      "is_removed": false,
      "auth_group": 300,
      "read": true,
      "write": false,
      "menu": 10
    }
  },
  {
    "model": "users.menuauthgroup",
    "pk": 24,
    "fields": {
      "created": "2020-04-17T16:56:21.304Z",
      "modified": "2020-04-17T16:56:21.304Z",
      "is_removed": false,
      "auth_group": 200,
      "read": true,
      "write": false,
      "menu": 10
    }
  },
  {
    "model": "users.menuauthgroup",
    "pk": 25,
    "fields": {
      "created": "2020-04-17T16:58:47.219Z",
      "modified": "2020-04-17T16:58:47.219Z",
      "is_removed": false,
      "auth_group": 300,
      "read": true,
      "write": false,
      "menu": 11
    }
  },
  {
    "model": "users.menuauthgroup",
    "pk": 26,
    "fields": {
      "created": "2020-04-17T16:58:47.219Z",
      "modified": "2020-04-17T16:58:47.219Z",
      "is_removed": false,
      "auth_group": 200,
      "read": true,
      "write": false,
      "menu": 11
    }
  },
  {
    "model": "users.menuauthgroup",
    "pk": 27,
    "fields": {
      "created": "2020-05-11T01:14:20.259Z",
      "modified": "2020-05-11T01:14:20.259Z",
      "is_removed": false,
      "auth_group": 500,
      "read": true,
      "write": true,
      "menu": 12
    }
  },
  {
    "model": "users.menuauthgroup",
    "pk": 28,
    "fields": {
      "created": "2020-05-11T01:14:27.066Z",
      "modified": "2020-05-11T01:14:27.066Z",
      "is_removed": false,
      "auth_group": 500,
      "read": true,
      "write": true,
      "menu": 13
    }
  },
  {
    "model": "users.menuauthgroup",
    "pk": 29,
    "fields": {
      "created": "2020-11-09T00:11:23.143Z",
      "modified": "2020-11-09T00:11:23.143Z",
      "is_removed": false,
      "auth_group": 500,
      "read": true,
      "write": true,
      "menu": 14
    }
  },
  {
    "model": "users.menuauthgroup",
    "pk": 30,
    "fields": {
      "created": "2020-11-20T16:12:21.812Z",
      "modified": "2020-11-20T16:12:21.812Z",
      "is_removed": false,
      "auth_group": 500,
      "read": true,
      "write": true,
      "menu": 15
    }
  },
  {
    "model": "users.menuauthgroup",
    "pk": 49,
    "fields": {
      "created": "2020-12-14T04:43:29.009Z",
      "modified": "2020-12-14T04:43:29.009Z",
      "is_removed": false,
      "auth_group": 200,
      "read": true,
      "write": true,
      "menu": 19
    }
  },
  {
    "model": "users.menuauthgroup",
    "pk": 50,
    "fields": {
      "created": "2020-12-14T04:43:29.009Z",
      "modified": "2020-12-14T04:43:29.009Z",
      "is_removed": false,
      "auth_group": 300,
      "read": true,
      "write": true,
      "menu": 19
    }
  },
  {
    "model": "users.menuauthgroup",
    "pk": 51,
    "fields": {
      "created": "2020-12-14T04:43:29.010Z",
      "modified": "2020-12-14T04:43:29.010Z",
      "is_removed": false,
      "auth_group": 400,
      "read": true,
      "write": true,
      "menu": 19
    }
  },
  {
    "model": "users.menuauthgroup",
    "pk": 52,
    "fields": {
      "created": "2020-12-14T04:43:29.010Z",
      "modified": "2020-12-14T04:43:29.010Z",
      "is_removed": false,
      "auth_group": 600,
      "read": true,
      "write": true,
      "menu": 19
    }
  },
  {
    "model": "users.menuauthgroup",
    "pk": 53,
    "fields": {
      "created": "2020-12-14T04:43:29.011Z",
      "modified": "2020-12-14T04:43:29.011Z",
      "is_removed": false,
      "auth_group": 500,
      "read": true,
      "write": true,
      "menu": 19
    }
  },
  {
    "model": "users.menuauthgroup",
    "pk": 54,
    "fields": {
      "created": "2020-12-14T04:43:29.012Z",
      "modified": "2020-12-14T04:43:29.012Z",
      "is_removed": false,
      "auth_group": 100,
      "read": true,
      "write": true,
      "menu": 19
    }
  },
  {
    "model": "users.menuauthgroup",
    "pk": 55,
    "fields": {
      "created": "2021-05-30T22:58:10.078Z",
      "modified": "2021-05-30T22:58:10.078Z",
      "is_removed": false,
      "auth_group": 300,
      "read": true,
      "write": true,
      "menu": 20
    }
  },
  {
    "model": "users.menuauthgroup",
    "pk": 56,
    "fields": {
      "created": "2021-05-30T22:58:10.079Z",
      "modified": "2021-05-30T22:58:10.079Z",
      "is_removed": false,
      "auth_group": 600,
      "read": true,
      "write": true,
      "menu": 20
    }
  },
  {
    "model": "users.menuauthgroup",
    "pk": 57,
    "fields": {
      "created": "2021-05-30T23:04:38.288Z",
      "modified": "2021-05-30T23:04:38.288Z",
      "is_removed": false,
      "auth_group": 600,
      "read": true,
      "write": true,
      "menu": 21
    }
  },
  {
    "model": "users.menuauthgroup",
    "pk": 58,
    "fields": {
      "created": "2021-05-30T23:04:38.293Z",
      "modified": "2021-05-30T23:04:38.293Z",
      "is_removed": false,
      "auth_group": 300,
      "read": true,
      "write": true,
      "menu": 21
    }
  },
  {
    "model": "users.menuauthgroup",
    "pk": 59,
    "fields": {
      "created": "2021-05-30T23:05:59.546Z",
      "modified": "2021-05-30T23:05:59.546Z",
      "is_removed": false,
      "auth_group": 600,
      "read": true,
      "write": true,
      "menu": 22
    }
  },
  {
    "model": "users.menuauthgroup",
    "pk": 60,
    "fields": {
      "created": "2021-05-30T23:05:59.549Z",
      "modified": "2021-05-30T23:05:59.549Z",
      "is_removed": false,
      "auth_group": 500,
      "read": true,
      "write": true,
      "menu": 22
    }
  },
  {
    "model": "users.menuauthgroup",
    "pk": 61,
    "fields": {
      "created": "2021-06-11T16:32:43.206Z",
      "modified": "2021-06-11T16:32:43.206Z",
      "is_removed": false,
      "auth_group": 500,
      "read": true,
      "write": true,
      "menu": 20
    }
  },
  {
    "model": "users.menuauthgroup",
    "pk": 62,
    "fields": {
      "created": "2021-06-11T16:33:33.306Z",
      "modified": "2021-06-11T16:33:33.306Z",
      "is_removed": false,
      "auth_group": 300,
      "read": true,
      "write": true,
      "menu": 22
    }
  },
  {
    "model": "users.menuauthgroup",
    "pk": 63,
    "fields": {
      "created": "2021-06-11T16:34:01.817Z",
      "modified": "2021-06-11T16:34:01.817Z",
      "is_removed": false,
      "auth_group": 500,
      "read": true,
      "write": true,
      "menu": 21
    }
  },
  {
    "model": "users.menuauthgroup",
    "pk": 64,
    "fields": {
      "created": "2021-06-11T16:45:14.972Z",
      "modified": "2021-06-11T16:45:14.972Z",
      "is_removed": false,
      "auth_group": 300,
      "read": true,
      "write": true,
      "menu": 23
    }
  },
  {
    "model": "users.menuauthgroup",
    "pk": 65,
    "fields": {
      "created": "2021-06-11T16:45:14.974Z",
      "modified": "2021-06-11T16:45:14.974Z",
      "is_removed": false,
      "auth_group": 600,
      "read": true,
      "write": true,
      "menu": 23
    }
  },
  {
    "model": "users.menuauthgroup",
    "pk": 66,
    "fields": {
      "created": "2021-06-11T16:45:14.978Z",
      "modified": "2021-06-11T16:45:14.978Z",
      "is_removed": false,
      "auth_group": 500,
      "read": true,
      "write": true,
      "menu": 23
    }
  },
  {
    "model": "users.menuauthgroup",
    "pk": 67,
    "fields": {
      "created": "2021-07-03T19:11:57.163Z",
      "modified": "2021-07-03T19:11:57.163Z",
      "is_removed": false,
      "auth_group": 200,
      "read": true,
      "write": true,
      "menu": 24
    }
  },
  {
    "model": "users.menuauthgroup",
    "pk": 68,
    "fields": {
      "created": "2021-07-03T19:11:57.164Z",
      "modified": "2021-07-03T19:11:57.164Z",
      "is_removed": false,
      "auth_group": 300,
      "read": true,
      "write": true,
      "menu": 24
    }
  },
  {
    "model": "users.menuauthgroup",
    "pk": 69,
    "fields": {
      "created": "2021-07-03T19:11:57.165Z",
      "modified": "2021-07-03T19:11:57.165Z",
      "is_removed": false,
      "auth_group": 400,
      "read": true,
      "write": true,
      "menu": 24
    }
  },
  {
    "model": "users.menuauthgroup",
    "pk": 70,
    "fields": {
      "created": "2021-07-03T19:11:57.168Z",
      "modified": "2021-07-03T19:11:57.168Z",
      "is_removed": false,
      "auth_group": 600,
      "read": true,
      "write": true,
      "menu": 24
    }
  },
  {
    "model": "users.menuauthgroup",
    "pk": 71,
    "fields": {
      "created": "2021-07-09T15:35:48.129Z",
      "modified": "2021-07-09T15:35:48.129Z",
      "is_removed": false,
      "auth_group": 200,
      "read": true,
      "write": true,
      "menu": 25
    }
  },
  {
    "model": "users.menuauthgroup",
    "pk": 72,
    "fields": {
      "created": "2021-07-09T15:35:48.136Z",
      "modified": "2021-07-09T15:35:48.136Z",
      "is_removed": false,
      "auth_group": 300,
      "read": true,
      "write": true,
      "menu": 25
    }
  },
  {
    "model": "users.menuauthgroup",
    "pk": 73,
    "fields": {
      "created": "2021-07-09T15:35:48.141Z",
      "modified": "2021-07-09T15:35:48.141Z",
      "is_removed": false,
      "auth_group": 400,
      "read": true,
      "write": true,
      "menu": 25
    }
  },
  {
    "model": "users.menuauthgroup",
    "pk": 74,
    "fields": {
      "created": "2021-07-09T15:35:48.144Z",
      "modified": "2021-07-09T15:35:48.144Z",
      "is_removed": false,
      "auth_group": 600,
      "read": true,
      "write": true,
      "menu": 25
    }
  },
  {
    "model": "users.menuauthgroup",
    "pk": 75,
    "fields": {
      "created": "2021-07-09T15:35:48.144Z",
      "modified": "2021-07-09T15:35:48.144Z",
      "is_removed": false,
      "auth_group": 500,
      "read": true,
      "write": true,
      "menu": 25
    }
  },
  {
    "model": "users.menuauthgroup",
    "pk": 76,
    "fields": {
      "created": "2021-07-09T15:35:48.145Z",
      "modified": "2021-07-09T15:35:48.145Z",
      "is_removed": false,
      "auth_group": 100,
      "read": true,
      "write": true,
      "menu": 25
    }
  },
  {
    "model": "users.menuauthgroup",
    "pk": 77,
    "fields": {
      "created": "2021-07-12T16:16:59.333Z",
      "modified": "2021-07-12T16:16:59.333Z",
      "is_removed": false,
      "auth_group": 300,
      "read": true,
      "write": true,
      "menu": 15
    }
  },
  {
    "model": "users.menuauthgroup",
    "pk": 78,
    "fields": {
      "created": "2021-07-12T16:16:59.334Z",
      "modified": "2021-07-12T16:16:59.334Z",
      "is_removed": false,
      "auth_group": 400,
      "read": true,
      "write": true,
      "menu": 15
    }
  },
  {
    "model": "users.menuauthgroup",
    "pk": 79,
    "fields": {
      "created": "2021-07-12T16:16:59.337Z",
      "modified": "2021-07-12T16:16:59.337Z",
      "is_removed": false,
      "auth_group": 600,
      "read": true,
      "write": true,
      "menu": 15
    }
  },
  {
    "model": "users.menuauthgroup",
    "pk": 80,
    "fields": {
      "created": "2021-07-12T16:16:59.339Z",
      "modified": "2021-07-12T16:16:59.339Z",
      "is_removed": false,
      "auth_group": 200,
      "read": true,
      "write": true,
      "menu": 15
    }
  },
  {
    "model": "users.menuauthgroup",
    "pk": 81,
    "fields": {
      "created": "2021-07-12T16:16:59.341Z",
      "modified": "2021-07-12T16:16:59.341Z",
      "is_removed": false,
      "auth_group": 100,
      "read": true,
      "write": true,
      "menu": 15
    }
  },
  {
    "model": "users.menuauthgroup",
    "pk": 82,
    "fields": {
      "created": "2021-07-17T23:36:05.772Z",
      "modified": "2021-07-17T23:36:05.772Z",
      "is_removed": false,
      "auth_group": 200,
      "read": true,
      "write": true,
      "menu": 26
    }
  },
  {
    "model": "users.menuauthgroup",
    "pk": 83,
    "fields": {
      "created": "2021-07-17T23:36:05.774Z",
      "modified": "2021-07-17T23:36:05.774Z",
      "is_removed": false,
      "auth_group": 300,
      "read": true,
      "write": true,
      "menu": 26
    }
  },
  {
    "model": "users.menuauthgroup",
    "pk": 84,
    "fields": {
      "created": "2021-07-17T23:36:05.777Z",
      "modified": "2021-07-17T23:36:05.777Z",
      "is_removed": false,
      "auth_group": 400,
      "read": true,
      "write": true,
      "menu": 26
    }
  },
  {
    "model": "users.menuauthgroup",
    "pk": 85,
    "fields": {
      "created": "2021-07-17T23:36:05.790Z",
      "modified": "2021-07-17T23:36:05.790Z",
      "is_removed": false,
      "auth_group": 600,
      "read": true,
      "write": true,
      "menu": 26
    }
  },
  {
    "model": "users.menuauthgroup",
    "pk": 86,
    "fields": {
      "created": "2021-07-17T23:36:05.794Z",
      "modified": "2021-07-17T23:36:05.794Z",
      "is_removed": false,
      "auth_group": 500,
      "read": true,
      "write": true,
      "menu": 26
    }
  },
  {
    "model": "users.menuauthgroup",
    "pk": 87,
    "fields": {
      "created": "2021-08-26T17:01:46.771Z",
      "modified": "2021-08-26T17:01:46.771Z",
      "is_removed": false,
      "auth_group": 200,
      "read": true,
      "write": true,
      "menu": 27
    }
  },
  {
    "model": "users.menuauthgroup",
    "pk": 88,
    "fields": {
      "created": "2021-08-26T17:01:46.773Z",
      "modified": "2021-08-26T17:01:46.773Z",
      "is_removed": false,
      "auth_group": 300,
      "read": true,
      "write": true,
      "menu": 27
    }
  },
  {
    "model": "users.menuauthgroup",
    "pk": 89,
    "fields": {
      "created": "2021-08-26T17:01:46.776Z",
      "modified": "2021-08-26T17:01:46.776Z",
      "is_removed": false,
      "auth_group": 400,
      "read": true,
      "write": true,
      "menu": 27
    }
  },
  {
    "model": "users.menuauthgroup",
    "pk": 90,
    "fields": {
      "created": "2021-08-26T17:01:46.782Z",
      "modified": "2021-08-26T17:01:46.782Z",
      "is_removed": false,
      "auth_group": 600,
      "read": true,
      "write": true,
      "menu": 27
    }
  },
  {
    "model": "users.menuauthgroup",
    "pk": 91,
    "fields": {
      "created": "2021-08-26T17:01:46.786Z",
      "modified": "2021-08-26T17:01:46.786Z",
      "is_removed": false,
      "auth_group": 500,
      "read": true,
      "write": true,
      "menu": 27
    }
  },
  {
    "model": "users.menuauthgroup",
    "pk": 92,
    "fields": {
      "created": "2021-10-12T15:47:40.589Z",
      "modified": "2021-10-12T15:47:40.589Z",
      "is_removed": false,
      "auth_group": 400,
      "read": true,
      "write": false,
      "menu": 10
    }
  },
  {
    "model": "users.menuauthgroup",
    "pk": 93,
    "fields": {
      "created": "2021-10-12T15:47:40.590Z",
      "modified": "2021-10-12T15:47:40.590Z",
      "is_removed": false,
      "auth_group": 600,
      "read": true,
      "write": false,
      "menu": 10
    }
  },
  {
    "model": "users.menuauthgroup",
    "pk": 94,
    "fields": {
      "created": "2021-10-12T15:47:40.591Z",
      "modified": "2021-10-12T15:47:40.591Z",
      "is_removed": false,
      "auth_group": 500,
      "read": true,
      "write": false,
      "menu": 10
    }
  },
  {
    "model": "users.menuauthgroup",
    "pk": 95,
    "fields": {
      "created": "2021-10-12T15:49:33.119Z",
      "modified": "2021-10-12T15:49:33.119Z",
      "is_removed": false,
      "auth_group": 200,
      "read": true,
      "write": false,
      "menu": 28
    }
  },
  {
    "model": "users.menuauthgroup",
    "pk": 96,
    "fields": {
      "created": "2021-10-12T15:49:33.120Z",
      "modified": "2021-10-12T15:49:33.120Z",
      "is_removed": false,
      "auth_group": 300,
      "read": true,
      "write": false,
      "menu": 28
    }
  },
  {
    "model": "users.menuauthgroup",
    "pk": 97,
    "fields": {
      "created": "2021-10-12T15:49:33.120Z",
      "modified": "2021-10-12T15:49:33.120Z",
      "is_removed": false,
      "auth_group": 400,
      "read": true,
      "write": false,
      "menu": 28
    }
  },
  {
    "model": "users.menuauthgroup",
    "pk": 98,
    "fields": {
      "created": "2021-10-12T15:49:33.122Z",
      "modified": "2021-10-12T15:49:33.122Z",
      "is_removed": false,
      "auth_group": 600,
      "read": true,
      "write": false,
      "menu": 28
    }
  },
  {
    "model": "users.menuauthgroup",
    "pk": 99,
    "fields": {
      "created": "2021-10-12T15:49:33.126Z",
      "modified": "2021-10-12T15:49:33.126Z",
      "is_removed": false,
      "auth_group": 500,
      "read": true,
      "write": false,
      "menu": 28
    }
  },
  {
    "model": "users.menuauthgroup",
    "pk": 100,
    "fields": {
      "created": "2021-10-12T16:07:07.135Z",
      "modified": "2021-10-12T16:07:07.135Z",
      "is_removed": false,
      "auth_group": 100,
      "read": true,
      "write": false,
      "menu": 26
    }
  },
  {
    "model": "users.menuauthgroup",
    "pk": 101,
    "fields": {
      "created": "2021-10-12T16:07:46.035Z",
      "modified": "2021-10-12T16:07:46.035Z",
      "is_removed": false,
      "auth_group": 200,
      "read": true,
      "write": true,
      "menu": 29
    }
  },
  {
    "model": "users.menuauthgroup",
    "pk": 102,
    "fields": {
      "created": "2021-10-12T16:07:46.037Z",
      "modified": "2021-10-12T16:07:46.037Z",
      "is_removed": false,
      "auth_group": 300,
      "read": true,
      "write": true,
      "menu": 29
    }
  },
  {
    "model": "users.menuauthgroup",
    "pk": 103,
    "fields": {
      "created": "2021-10-12T16:07:46.040Z",
      "modified": "2021-10-12T16:07:46.040Z",
      "is_removed": false,
      "auth_group": 400,
      "read": true,
      "write": true,
      "menu": 29
    }
  },
  {
    "model": "users.menuauthgroup",
    "pk": 104,
    "fields": {
      "created": "2021-10-12T16:07:46.041Z",
      "modified": "2021-10-12T16:07:46.041Z",
      "is_removed": false,
      "auth_group": 600,
      "read": true,
      "write": true,
      "menu": 29
    }
  },
  {
    "model": "users.menuauthgroup",
    "pk": 105,
    "fields": {
      "created": "2021-10-12T16:07:46.046Z",
      "modified": "2021-10-12T16:07:46.046Z",
      "is_removed": false,
      "auth_group": 500,
      "read": true,
      "write": true,
      "menu": 29
    }
  },
  {
    "model": "users.menuauthgroup",
    "pk": 106,
    "fields": {
      "created": "2021-10-12T16:07:46.050Z",
      "modified": "2021-10-12T16:07:46.050Z",
      "is_removed": false,
      "auth_group": 100,
      "read": true,
      "write": false,
      "menu": 29
    }
  },
  {
    "model": "users.menuauthgroup",
    "pk": 107,
    "fields": {
      "created": "2021-10-13T15:36:08.296Z",
      "modified": "2021-10-13T15:36:08.296Z",
      "is_removed": false,
      "auth_group": 200,
      "read": true,
      "write": true,
      "menu": 30
    }
  },
  {
    "model": "users.menuauthgroup",
    "pk": 108,
    "fields": {
      "created": "2021-10-13T15:36:08.296Z",
      "modified": "2021-10-13T15:36:08.296Z",
      "is_removed": false,
      "auth_group": 300,
      "read": true,
      "write": true,
      "menu": 30
    }
  },
  {
    "model": "users.menuauthgroup",
    "pk": 109,
    "fields": {
      "created": "2021-10-13T15:36:08.299Z",
      "modified": "2021-10-13T15:36:08.299Z",
      "is_removed": false,
      "auth_group": 400,
      "read": true,
      "write": true,
      "menu": 30
    }
  },
  {
    "model": "users.menuauthgroup",
    "pk": 110,
    "fields": {
      "created": "2021-10-13T15:36:08.301Z",
      "modified": "2021-10-13T15:36:08.301Z",
      "is_removed": false,
      "auth_group": 600,
      "read": true,
      "write": true,
      "menu": 30
    }
  },
  {
    "model": "users.menuauthgroup",
    "pk": 111,
    "fields": {
      "created": "2021-10-13T15:36:08.305Z",
      "modified": "2021-10-13T15:36:08.305Z",
      "is_removed": false,
      "auth_group": 500,
      "read": true,
      "write": true,
      "menu": 30
    }
  },
  {
    "model": "users.menuauthgroup",
    "pk": 112,
    "fields": {
      "created": "2021-10-13T15:36:08.308Z",
      "modified": "2021-10-13T15:36:08.308Z",
      "is_removed": false,
      "auth_group": 100,
      "read": true,
      "write": false,
      "menu": 30
    }
  },
  {
    "model": "users.menuauthgroup",
    "pk": 113,
    "fields": {
      "created": "2021-11-29T17:49:00.766Z",
      "modified": "2021-11-29T17:49:00.766Z",
      "is_removed": false,
      "auth_group": 300,
      "read": true,
      "write": true,
      "menu": 31
    }
  },
  {
    "model": "users.menuauthgroup",
    "pk": 114,
    "fields": {
      "created": "2021-11-29T17:49:00.768Z",
      "modified": "2021-11-29T17:49:00.768Z",
      "is_removed": false,
      "auth_group": 400,
      "read": true,
      "write": true,
      "menu": 31
    }
  },
  {
    "model": "users.menuauthgroup",
    "pk": 115,
    "fields": {
      "created": "2021-11-29T17:49:00.771Z",
      "modified": "2021-11-29T17:49:00.771Z",
      "is_removed": false,
      "auth_group": 600,
      "read": true,
      "write": true,
      "menu": 31
    }
  },
  {
    "model": "users.menuauthgroup",
    "pk": 116,
    "fields": {
      "created": "2021-11-29T17:49:00.774Z",
      "modified": "2021-11-29T17:49:00.774Z",
      "is_removed": false,
      "auth_group": 500,
      "read": true,
      "write": true,
      "menu": 31
    }
  },
  {
    "model": "users.menuauthgroup",
    "pk": 117,
    "fields": {
      "created": "2022-06-28T16:10:05.488Z",
      "modified": "2022-06-28T16:10:05.488Z",
      "is_removed": false,
      "auth_group": 500,
      "read": true,
      "write": true,
      "menu": 33
    }
  },
  {
    "model": "users.menuauthgroup",
    "pk": 118,
    "fields": {
      "created": "2022-07-02T04:30:28.477Z",
      "modified": "2022-07-02T04:30:28.477Z",
      "is_removed": false,
      "auth_group": 500,
      "read": true,
      "write": true,
      "menu": 34
    }
  },
  {
    "model": "users.menuauthgroup",
    "pk": 119,
    "fields": {
      "created": "2022-07-18T00:05:49.783Z",
      "modified": "2022-07-18T00:05:49.783Z",
      "is_removed": false,
      "auth_group": 400,
      "read": true,
      "write": true,
      "menu": 4
    }
  },
  {
    "model": "users.menuauthgroup",
    "pk": 120,
    "fields": {
      "created": "2022-07-18T00:05:49.783Z",
      "modified": "2022-07-18T00:05:49.783Z",
      "is_removed": false,
      "auth_group": 500,
      "read": true,
      "write": true,
      "menu": 4
    }
  },
  {
    "model": "users.menuauthgroup",
    "pk": 121,
    "fields": {
      "created": "2022-07-18T00:09:22.239Z",
      "modified": "2022-07-18T00:09:22.239Z",
      "is_removed": false,
      "auth_group": 400,
      "read": true,
      "write": true,
      "menu": 2
    }
  },
  {
    "model": "users.menuauthgroup",
    "pk": 122,
    "fields": {
      "created": "2022-07-18T00:09:22.240Z",
      "modified": "2022-07-18T00:09:22.240Z",
      "is_removed": false,
      "auth_group": 600,
      "read": true,
      "write": true,
      "menu": 2
    }
  },
  {
    "model": "users.menuauthgroup",
    "pk": 123,
    "fields": {
      "created": "2022-07-18T00:09:22.241Z",
      "modified": "2022-07-18T00:09:22.241Z",
      "is_removed": false,
      "auth_group": 500,
      "read": true,
      "write": true,
      "menu": 2
    }
  },
  {
    "model": "users.menuauthgroup",
    "pk": 124,
    "fields": {
      "created": "2022-07-18T00:23:30.432Z",
      "modified": "2022-07-18T00:23:30.432Z",
      "is_removed": false,
      "auth_group": 200,
      "read": true,
      "write": true,
      "menu": 35
    }
  },
  {
    "model": "users.menuauthgroup",
    "pk": 125,
    "fields": {
      "created": "2022-07-18T00:23:30.433Z",
      "modified": "2022-07-18T00:23:30.433Z",
      "is_removed": false,
      "auth_group": 300,
      "read": true,
      "write": true,
      "menu": 35
    }
  },
  {
    "model": "users.menuauthgroup",
    "pk": 126,
    "fields": {
      "created": "2022-07-18T00:23:30.434Z",
      "modified": "2022-07-18T00:23:30.434Z",
      "is_removed": false,
      "auth_group": 400,
      "read": true,
      "write": true,
      "menu": 35
    }
  },
  {
    "model": "users.menuauthgroup",
    "pk": 127,
    "fields": {
      "created": "2022-07-18T00:23:30.434Z",
      "modified": "2022-07-18T00:23:30.434Z",
      "is_removed": false,
      "auth_group": 600,
      "read": true,
      "write": true,
      "menu": 35
    }
  },
  {
    "model": "users.menuauthgroup",
    "pk": 128,
    "fields": {
      "created": "2022-07-18T00:23:30.435Z",
      "modified": "2022-07-18T00:23:30.435Z",
      "is_removed": false,
      "auth_group": 500,
      "read": true,
      "write": true,
      "menu": 35
    }
  },
  {
    "model": "users.menuauthgroup",
    "pk": 129,
    "fields": {
      "created": "2022-08-21T16:15:26.419Z",
      "modified": "2022-08-21T16:15:26.419Z",
      "is_removed": false,
      "auth_group": 200,
      "read": true,
      "write": true,
      "menu": 36
    }
  },
  {
    "model": "users.menuauthgroup",
    "pk": 130,
    "fields": {
      "created": "2022-08-21T16:15:26.420Z",
      "modified": "2022-08-21T16:15:26.420Z",
      "is_removed": false,
      "auth_group": 300,
      "read": true,
      "write": true,
      "menu": 36
    }
  },
  {
    "model": "users.menuauthgroup",
    "pk": 131,
    "fields": {
      "created": "2022-08-21T16:15:26.421Z",
      "modified": "2022-08-21T16:15:26.421Z",
      "is_removed": false,
      "auth_group": 400,
      "read": true,
      "write": true,
      "menu": 36
    }
  },
  {
    "model": "users.menuauthgroup",
    "pk": 132,
    "fields": {
      "created": "2022-08-21T16:15:26.422Z",
      "modified": "2022-08-21T16:15:26.422Z",
      "is_removed": false,
      "auth_group": 600,
      "read": true,
      "write": true,
      "menu": 36
    }
  },
  {
    "model": "users.menuauthgroup",
    "pk": 133,
    "fields": {
      "created": "2022-08-21T16:15:26.423Z",
      "modified": "2022-08-21T16:15:26.423Z",
      "is_removed": false,
      "auth_group": 500,
      "read": true,
      "write": true,
      "menu": 36
    }
  },
  {
    "model": "users.menuauthgroup",
    "pk": 134,
    "fields": {
      "created": "2022-09-23T16:06:22.439Z",
      "modified": "2022-09-23T16:06:22.439Z",
      "is_removed": false,
      "auth_group": 200,
      "read": true,
      "write": true,
      "menu": 37
    }
  },
  {
    "model": "users.menuauthgroup",
    "pk": 135,
    "fields": {
      "created": "2022-09-23T16:06:22.440Z",
      "modified": "2022-09-23T16:06:22.440Z",
      "is_removed": false,
      "auth_group": 300,
      "read": true,
      "write": true,
      "menu": 37
    }
  },
  {
    "model": "users.menuauthgroup",
    "pk": 136,
    "fields": {
      "created": "2022-09-23T16:06:22.440Z",
      "modified": "2022-09-23T16:06:22.440Z",
      "is_removed": false,
      "auth_group": 400,
      "read": true,
      "write": true,
      "menu": 37
    }
  },
  {
    "model": "users.menuauthgroup",
    "pk": 137,
    "fields": {
      "created": "2022-09-23T16:06:22.441Z",
      "modified": "2022-09-23T16:06:22.441Z",
      "is_removed": false,
      "auth_group": 600,
      "read": true,
      "write": true,
      "menu": 37
    }
  },
  {
    "model": "users.menuauthgroup",
    "pk": 138,
    "fields": {
      "created": "2022-09-23T16:06:22.442Z",
      "modified": "2022-09-23T16:06:22.442Z",
      "is_removed": false,
      "auth_group": 500,
      "read": true,
      "write": true,
      "menu": 37
    }
  },
  {
    "model": "users.menuauthgroup",
    "pk": 139,
    "fields": {
      "created": "2022-09-23T16:06:22.443Z",
      "modified": "2022-09-23T16:06:22.443Z",
      "is_removed": false,
      "auth_group": 100,
      "read": true,
      "write": false,
      "menu": 37
    }
  },
  {
    "model": "users.menuauthgroup",
    "pk": 140,
    "fields": {
      "created": "2022-10-19T14:55:57.992Z",
      "modified": "2022-10-19T14:55:57.992Z",
      "is_removed": false,
      "auth_group": 300,
      "read": true,
      "write": true,
      "menu": 38
    }
  },
  {
    "model": "users.menuauthgroup",
    "pk": 141,
    "fields": {
      "created": "2022-10-19T14:55:57.993Z",
      "modified": "2022-10-19T14:55:57.993Z",
      "is_removed": false,
      "auth_group": 400,
      "read": true,
      "write": true,
      "menu": 38
    }
  },
  {
    "model": "users.menuauthgroup",
    "pk": 142,
    "fields": {
      "created": "2022-10-19T14:55:57.994Z",
      "modified": "2022-10-19T14:55:57.994Z",
      "is_removed": false,
      "auth_group": 500,
      "read": true,
      "write": true,
      "menu": 38
    }
  },
  {
    "model": "users.menuauthgroup",
    "pk": 143,
    "fields": {
      "created": "2022-10-19T14:55:57.994Z",
      "modified": "2022-10-19T14:55:57.994Z",
      "is_removed": false,
      "auth_group": 600,
      "read": true,
      "write": true,
      "menu": 38
    }
  },
  {
    "model": "users.menuauthgroup",
    "pk": 144,
    "fields": {
      "created": "2022-12-11T01:08:24.740Z",
      "modified": "2022-12-11T01:08:24.740Z",
      "is_removed": false,
      "auth_group": 500,
      "read": true,
      "write": true,
      "menu": 24
    }
  },
  {
    "model": "users.menuauthgroup",
    "pk": 145,
    "fields": {
      "created": "2022-12-11T15:44:38.484Z",
      "modified": "2022-12-11T15:44:38.484Z",
      "is_removed": false,
      "auth_group": 600,
      "read": true,
      "write": true,
      "menu": 32
    }
  },
  {
    "model": "users.menuauthgroup",
    "pk": 146,
    "fields": {
      "created": "2023-01-19T05:03:50.363Z",
      "modified": "2023-01-19T05:03:50.363Z",
      "is_removed": false,
      "auth_group": 700,
      "read": true,
      "write": true,
      "menu": 4
    }
  },
  {
    "model": "users.menuauthgroup",
    "pk": 147,
    "fields": {
      "created": "2023-01-19T05:04:01.788Z",
      "modified": "2023-01-19T05:04:01.788Z",
      "is_removed": false,
      "auth_group": 700,
      "read": true,
      "write": true,
      "menu": 35
    }
  },
  {
    "model": "whereabouts.organization",
    "pk": -1,
    "fields": {
      "created": "2021-04-11T18:15:20.284Z",
      "modified": "2021-04-12T05:55:41.743Z",
      "is_removed": false,
      "slug": "a8b72E_archived",
      "display_name": "archived organization for archived attendees",
      "infos": {
        "acronym": "archived",
        "contacts": {},
        "hostname": "organization.archived",
        "settings": {
          "opencc_convert": true,
          "default_member_meet": null,
          "attendee_to_attending": false,
          "default_directory_meet": null,
          "attendingmeet_pdf_export": {},
          "past_category_to_attendingmeet_meet": {}
        },
        "counselor": [],
        "data_admins": [],
        "default_time_zone": "America/Los_Angeles"
      }
    }
  },
  {
    "model": "whereabouts.organization",
    "pk": 0,
    "fields": {
      "created": "2021-04-11T18:15:20.284Z",
      "modified": "2021-04-12T05:55:41.743Z",
      "is_removed": false,
      "slug": "a8dE2e_none",
      "display_name": "No organization assigned",
      "infos": {
        "acronym": null,
        "contacts": {},
        "hostname": "organization.none",
        "settings": {
          "opencc_convert": true,
          "default_member_meet": null,
          "attendee_to_attending": true,
          "default_directory_meet": null,
          "attendingmeet_pdf_export_groups": {},
          "past_category_to_attendingmeet_meet": {}
        },
        "counselor": [],
        "data_admins": [],
        "default_time_zone": "America/Los_Angeles"
      }
    }
  },
  {
    "model": "whereabouts.organization",
    "pk": 1,
    "fields": {
      "created": "2020-04-11T18:15:06.495Z",
      "modified": "2021-07-12T15:56:14.460Z",
      "is_removed": false,
      "slug": "d7c8Fd_cfcc_hayward",
      "display_name": "CFCCH",
      "infos": {
        "acronym": "CFCCH",
        "contacts": {},
        "hostname": "192.168.99.100",
        "settings": {
          "opencc_convert": true,
          "default_member_meet": 9,
          "attendee_to_attending": true,
          "default_directory_meet": 8,
          "attendingmeet_pdf_export_groups": {
            "d7c8Fd_cfcch_congregation_directory": [
              "data_organizer"
            ]
          },
          "past_category_to_attendingmeet_meet": {
            "4": 17,
            "5": 16,
            "19": 0,
            "37": 9
          }
        },
        "counselor": [
          "data_counselor"
        ],
        "data_admins": [
          "data_organizer"
        ],
        "grade_converter": [
          "Under three 1",
          "Under three 2",
          "Under three 3",
          "Preschool 1",
          "Preschool 2",
          "Kindergarten 1",
          "Kindergarten 2",
          "G1",
          "G2",
          "G3",
          "G4",
          "G5",
          "G6",
          "G7",
          "G8",
          "G9",
          "G10",
          "G11",
          "G12",
          "Postsecondary 1",
          "Postsecondary 2",
          "Postsecondary 3",
          "Postsecondary 4",
          "Postsecondary 5",
          "Postsecondary 6",
          "Postsecondary 7",
          "Postsecondary 8"
        ],
        "default_time_zone": "America/Los_Angeles",
        "all_access_assemblies": [
          "cfcch_congregation_data"
        ],
        "groups_see_all_meets_attendees": [
          "data_counselor",
          "data_organizer",
          "cfcch_congregation_data",
          "children_organizer",
          "children_coworker",
          "conference_organizer",
          "conference_coworker"
        ]
      }
    }
  },
  {
    "model": "whereabouts.organization",
    "pk": 2,
    "fields": {
      "created": "1999-04-11T18:15:20.284Z",
      "modified": "2020-04-12T05:55:41.743Z",
      "is_removed": false,
      "slug": "faBd6C_heaven",
      "display_name": "天堂 Heaven",
      "infos": {
        "acronym": "Kingdom",
        "contacts": {},
        "hostname": "heaven.heaven",
        "settings": {
          "opencc_convert": true,
          "default_member_meet": null,
          "attendee_to_attending": true,
          "default_directory_meet": null,
          "attendingmeet_pdf_export_groups": {},
          "past_category_to_attendingmeet_meet": {}
        },
        "counselor": [],
        "data_admins": [],
        "default_time_zone": "UTC"
      }
    }
  },
  {
    "model": "whereabouts.division",
    "pk": 0,
    "fields": {
      "created": "2020-04-11T18:17:41.693Z",
      "modified": "2021-04-08T13:55:47.966Z",
      "is_removed": false,
      "organization": 1,
      "display_name": "未指定 CFCCH unspecified",
      "slug": "cfcch_unspecified",
      "audience_auth_group": 0,
      "infos": {
        "show_attendee_infos": {
          "infos-grade": false,
          "infos-insurer": false
        }
      }
    }
  },
  {
    "model": "whereabouts.division",
    "pk": 1,
    "fields": {
      "created": "2020-04-11T18:17:41.693Z",
      "modified": "2021-04-08T13:55:55.585Z",
      "is_removed": false,
      "organization": 1,
      "display_name": "中文部",
      "slug": "cfcch_chinese_ministry",
      "audience_auth_group": 0,
      "infos": {
        "show_attendee_infos": {
          "infos-grade": false,
          "infos-insurer": false
        }
      }
    }
  },
  {
    "model": "whereabouts.division",
    "pk": 2,
    "fields": {
      "created": "2020-04-11T18:17:56.729Z",
      "modified": "2021-04-08T13:56:01.354Z",
      "is_removed": false,
      "organization": 1,
      "display_name": "The Crossing",
      "slug": "cfcch_crossing_ministry",
      "audience_auth_group": 0,
      "infos": {
        "show_attendee_infos": {
          "infos-grade": false,
          "infos-insurer": false
        }
      }
    }
  },
  {
    "model": "whereabouts.division",
    "pk": 3,
    "fields": {
      "created": "2020-04-11T18:18:36.092Z",
      "modified": "2021-04-08T13:56:41.581Z",
      "is_removed": false,
      "organization": 1,
      "display_name": "Junior Ministry",
      "slug": "cfcch_children_ministry",
      "audience_auth_group": 100,
      "infos": {
        "show_attendee_infos": {
          "infos-grade": true,
          "infos-insurer": true
        }
      }
    }
  },
  {
    "model": "whereabouts.division",
    "pk": 4,
    "fields": {
      "created": "1999-04-11T18:19:02.081Z",
      "modified": "2020-04-11T18:19:02.081Z",
      "is_removed": false,
      "organization": 2,
      "display_name": "永恆敬拜",
      "slug": "ever_worship",
      "audience_auth_group": 0,
      "infos": {
        "show_attendee_infos": {
          "infos-grade": false,
          "infos-insurer": false
        }
      }
    }
  },
  {
    "model": "whereabouts.division",
    "pk": 5,
    "fields": {
      "created": "2020-05-23T15:14:19.798Z",
      "modified": "2021-04-08T13:56:08.033Z",
      "is_removed": false,
      "organization": 1,
      "display_name": "資料部",
      "slug": "cfcch_data_management",
      "audience_auth_group": 500,
      "infos": {
        "show_attendee_infos": {
          "infos-grade": false,
          "infos-insurer": false
        }
      }
    }
  },
  {
    "model": "whereabouts.division",
    "pk": 6,
    "fields": {
      "created": "2020-06-19T15:12:19.662Z",
      "modified": "2021-04-08T13:56:33.008Z",
      "is_removed": false,
      "organization": 1,
      "display_name": "特會",
      "slug": "cfcch_special_conference",
      "audience_auth_group": 400,
      "infos": {
        "show_attendee_infos": {
          "infos-grade": false,
          "infos-insurer": false
        }
      }
    }
  },
  {
    "model": "whereabouts.place",
    "pk": "4b76fa2f-0ad8-434e-9838-10e73bd6ade0",
    "fields": {
      "created": "2021-05-05T05:46:36.216Z",
      "modified": "2021-05-05T05:46:36.216Z",
      "is_removed": false,
      "content_type": 96,
      "object_id": "7",
      "organization": 1,
      "address": 2,
      "display_name": "normal",
      "display_order": 0,
      "start": null,
      "finish": null,
      "infos": {
        "id": 2,
        "fixed": {
          "address_name": "Burbank Elementary School"
        },
        "contacts": {
          "url": "https://www.thecrossing.website/",
          "email1": null,
          "email2": null,
          "phone1": "+12222222222",
          "phone2": "+22222222222"
        }
      }
    }
  },
  {
    "model": "whereabouts.place",
    "pk": "650cf1cb-bc34-4d74-a486-49ce2ff314fa",
    "fields": {
      "created": "2021-05-05T05:46:36.216Z",
      "modified": "2021-05-05T05:46:36.216Z",
      "is_removed": false,
      "content_type": 84,
      "object_id": "a48e4375-1a64-4c4f-beb3-8f088bf77340",
      "organization": 1,
      "address": 5,
      "display_name": "main",
      "display_order": 0,
      "start": null,
      "finish": null,
      "infos": {
        "id": 8,
        "fixed": {},
        "contacts": {}
      }
    }
  },
  {
    "model": "whereabouts.place",
    "pk": "680656f5-a475-439e-9844-1129bd5aa5a4",
    "fields": {
      "created": "2021-05-05T05:46:36.216Z",
      "modified": "2021-05-05T05:46:36.216Z",
      "is_removed": false,
      "content_type": 59,
      "object_id": "1",
      "organization": 1,
      "address": 1,
      "display_name": "main",
      "display_order": 0,
      "start": null,
      "finish": null,
      "infos": {
        "id": 16,
        "fixed": {
          "address_name": "cfcc_hayward_main"
        },
        "contacts": {}
      }
    }
  },
  {
    "model": "whereabouts.place",
    "pk": "721be461-4304-49f4-a477-3e45f7ed38bd",
    "fields": {
      "created": "2021-05-05T05:46:36.216Z",
      "modified": "2021-05-05T05:46:36.216Z",
      "is_removed": false,
      "content_type": 84,
      "object_id": "80f2e82f-0a72-49ea-b3e2-3fc892c49599",
      "organization": 1,
      "address": 3,
      "display_name": "resident",
      "display_order": 0,
      "start": null,
      "finish": null,
      "infos": {
        "id": 10,
        "fixed": {},
        "contacts": {}
      }
    }
  },
  {
    "model": "whereabouts.place",
    "pk": "a37797e4-32a6-4ecd-b820-c04330b94662",
    "fields": {
      "created": "2021-05-05T05:46:36.216Z",
      "modified": "2021-05-05T05:46:36.216Z",
      "is_removed": false,
      "content_type": 84,
      "object_id": "80f2e82f-0a72-49ea-b3e2-3fc892c49599",
      "organization": 1,
      "address": 4,
      "display_name": "resident",
      "display_order": 0,
      "start": null,
      "finish": null,
      "infos": {
        "id": 11,
        "fixed": {},
        "contacts": {}
      }
    }
  },
  {
    "model": "whereabouts.place",
    "pk": "b180f95a-3fb7-4a8b-99bc-ff3830080d53",
    "fields": {
      "created": "2021-05-05T05:46:36.216Z",
      "modified": "2021-05-05T05:46:36.216Z",
      "is_removed": false,
      "content_type": 84,
      "object_id": "f3b780ad-c736-490e-8731-58b96dfd81f8",
      "organization": 1,
      "address": 6,
      "display_name": "main",
      "display_order": 0,
      "start": null,
      "finish": null,
      "infos": {
        "id": 15,
        "fixed": {},
        "contacts": {}
      }
    }
  },
  {
    "model": "whereabouts.place",
    "pk": "b6752a2a-8dcc-496b-889c-a0baa84709de",
    "fields": {
      "created": "2021-05-05T05:46:36.216Z",
      "modified": "2021-05-05T05:46:36.216Z",
      "is_removed": false,
      "content_type": 84,
      "object_id": "ffd3881a-7a77-437a-ba11-c90610839523",
      "organization": 1,
      "address": 6,
      "display_name": "main",
      "display_order": 0,
      "start": null,
      "finish": null,
      "infos": {
        "id": 14,
        "fixed": {},
        "contacts": {}
      }
    }
  },
  {
    "model": "whereabouts.place",
    "pk": "ba8a8b21-5b22-4335-ba98-b606e556d588",
    "fields": {
      "created": "2021-05-05T05:46:36.216Z",
      "modified": "2021-05-05T05:46:36.216Z",
      "is_removed": false,
      "content_type": 84,
      "object_id": "aa24758f-cc70-4353-b1d7-9c616b3db425",
      "organization": 1,
      "address": 6,
      "display_name": "main",
      "display_order": 0,
      "start": null,
      "finish": null,
      "infos": {
        "id": 13,
        "fixed": {},
        "contacts": {}
      }
    }
  },
  {
    "model": "whereabouts.place",
    "pk": "c9bdde0a-a482-4d04-9f6a-6de7582498db",
    "fields": {
      "created": "2021-05-05T05:46:36.216Z",
      "modified": "2021-05-05T05:46:36.216Z",
      "is_removed": false,
      "content_type": 84,
      "object_id": "d7e6ec14-302e-46a3-9f32-537d1fc0256b",
      "organization": 1,
      "address": 2,
      "display_name": "main",
      "display_order": 0,
      "start": null,
      "finish": null,
      "infos": {
        "id": 12,
        "fixed": {
          "address_name": "Burbank Elementary School"
        },
        "contacts": {
          "url": "https://www.thecrossing.website/",
          "email1": null,
          "email2": null,
          "phone1": "+12222222222",
          "phone2": "+22222222222"
        }
      }
    }
  },
  {
    "model": "whereabouts.place",
    "pk": "e50d2b9c-0f92-4048-a524-918909d7a0c5",
    "fields": {
      "created": "2021-05-05T05:46:36.216Z",
      "modified": "2021-05-05T05:46:36.216Z",
      "is_removed": false,
      "content_type": 96,
      "object_id": "4",
      "organization": 1,
      "address": 9,
      "display_name": "normal",
      "display_order": 0,
      "start": null,
      "finish": null,
      "infos": {
        "id": 4,
        "fixed": {
          "address_name": "新天新地"
        },
        "contacts": {
          "url": null,
          "email1": "9thronea@email.com",
          "email2": "9throneb@email.com",
          "phone1": "+19999999999",
          "phone2": "+29999999999"
        }
      }
    }
  },
  {
    "model": "whereabouts.place",
    "pk": "e6e50c89-f4b7-4071-8a58-850800445304",
    "fields": {
      "created": "2021-05-05T05:46:36.216Z",
      "modified": "2021-05-05T05:46:36.216Z",
      "is_removed": false,
      "content_type": 96,
      "object_id": "6",
      "organization": 1,
      "address": 11,
      "display_name": "primary",
      "display_order": 0,
      "start": null,
      "finish": null,
      "infos": {
        "id": 6,
        "fixed": {
          "address_name": "Sonoma State University"
        },
        "contacts": {
          "url": null,
          "email1": null,
          "email2": null,
          "phone1": "+17076642880",
          "phone2": null
        }
      }
    }
  },
  {
    "model": "whereabouts.place",
    "pk": "e9208c4d-66cc-4bbd-9fb9-3c611e08503d",
    "fields": {
      "created": "2021-05-05T05:46:36.216Z",
      "modified": "2021-05-05T05:46:36.216Z",
      "is_removed": false,
      "content_type": 96,
      "object_id": "5",
      "organization": 1,
      "address": 1,
      "display_name": "normal",
      "display_order": 0,
      "start": null,
      "finish": null,
      "infos": {
        "id": 5,
        "fixed": {
          "address_name": null
        },
        "contacts": {
          "url": null,
          "email1": "5greata@email.com",
          "email2": "5greatb@email.com",
          "phone1": "+15555555555",
          "phone2": "+25555555555"
        }
      }
    }
  },
  {
    "model": "whereabouts.place",
    "pk": "edd6463b-3757-423e-83a8-4ff823ee9059",
    "fields": {
      "created": "2021-05-05T05:46:36.216Z",
      "modified": "2021-05-05T05:46:36.216Z",
      "is_removed": false,
      "content_type": 96,
      "object_id": "3",
      "organization": 1,
      "address": 10,
      "display_name": "normal",
      "display_order": 0,
      "start": null,
      "finish": null,
      "infos": {
        "id": 3,
        "fixed": {
          "address_name": "short mission trip address"
        },
        "contacts": {
          "url": null,
          "email1": null,
          "email2": null,
          "phone1": null,
          "phone2": null
        }
      }
    }
  },
  {
    "model": "whereabouts.place",
    "pk": "f8a73e66-b04f-11eb-9e9c-8c2f49e08706",
    "fields": {
      "created": "2021-05-05T05:46:36.216Z",
      "modified": "2021-05-05T05:46:36.216Z",
      "is_removed": false,
      "content_type": 96,
      "object_id": "1",
      "organization": 1,
      "address": 1,
      "display_name": "normal",
      "display_order": 0,
      "start": null,
      "finish": null,
      "infos": {
        "id": 1,
        "fixed": {
          "address_name": "cfcc_hayward_main"
        },
        "contacts": {
          "url": "https://chineseforchristchurch.org/",
          "email1": "haywardchurch@yahoo.com",
          "email2": "church.office@cfcchayward.org",
          "phone1": "+15105811630"
        }
      }
    }
  },
  {
    "model": "whereabouts.place",
    "pk": "fdaa2863-cc0b-48ea-8426-7df14e924843",
    "fields": {
      "created": "2021-05-05T05:46:36.216Z",
      "modified": "2021-05-05T05:46:36.216Z",
      "is_removed": false,
      "content_type": 96,
      "object_id": "2",
      "organization": 1,
      "address": 1,
      "display_name": "normal",
      "display_order": 0,
      "start": null,
      "finish": null,
      "infos": {
        "id": 7,
        "fixed": {},
        "contacts": {}
      }
    }
  },
  {
    "model": "whereabouts.place",
    "pk": "fed38918-449c-4224-8290-4d7138101838",
    "fields": {
      "created": "2021-05-05T05:46:36.216Z",
      "modified": "2021-05-05T05:46:36.216Z",
      "is_removed": false,
      "content_type": 84,
      "object_id": "22c29cd5-a5ab-46a3-afe6-d5a600c33fc9",
      "organization": 1,
      "address": 3,
      "display_name": "main",
      "display_order": 0,
      "start": null,
      "finish": null,
      "infos": {
        "id": 9,
        "fixed": {
          "address_name": "Hagar's place"
        },
        "contacts": {}
      }
    }
  },
  {
    "model": "whereabouts.campus",
    "pk": 1,
    "fields": {
      "created": "2020-04-11T18:32:56.905Z",
      "modified": "2020-06-19T15:44:44.716Z",
      "is_removed": false,
      "organization": 1,
      "display_name": "CFCCH Main",
      "slug": "d7c8Fd_main",
      "infos": {
        "contacts": {}
      }
    }
  },
  {
    "model": "whereabouts.campus",
    "pk": 2,
    "fields": {
      "created": "1999-04-11T18:33:36.875Z",
      "modified": "2020-04-20T15:51:39.797Z",
      "is_removed": false,
      "organization": 2,
      "display_name": "天上 sky",
      "slug": "faBd6C_sky",
      "infos": {
        "contacts": {}
      }
    }
  },
  {
    "model": "whereabouts.campus",
    "pk": 3,
    "fields": {
      "created": "2020-06-19T15:45:05.925Z",
      "modified": "2020-06-19T15:45:05.925Z",
      "is_removed": false,
      "organization": 1,
      "display_name": "Sonoma State University",
      "slug": "sonoma_state_university",
      "infos": {
        "contacts": {}
      }
    }
  },
  {
    "model": "whereabouts.campus",
    "pk": 4,
    "fields": {
      "created": "2020-04-11T18:32:56.905Z",
      "modified": "2020-06-19T15:44:44.716Z",
      "is_removed": false,
      "organization": 1,
      "display_name": "CFCCH Remote",
      "slug": "d7c8Fd_remote",
      "infos": {
        "contacts": {}
      }
    }
  },
  {
    "model": "whereabouts.property",
    "pk": 1,
    "fields": {
      "created": "2020-04-11T18:33:59.401Z",
      "modified": "2020-06-19T15:47:44.600Z",
      "is_removed": false,
      "display_name": "CFCCH Fellowship Hall",
      "slug": "cfcch_fellowship_hall",
      "campus": 1,
      "infos": {
        "contacts": {}
      }
    }
  },
  {
    "model": "whereabouts.property",
    "pk": 2,
    "fields": {
      "created": "2020-04-11T18:34:25.579Z",
      "modified": "2020-06-19T15:47:37.778Z",
      "is_removed": false,
      "display_name": "CFCCH 舊主堂",
      "slug": "cfcch_old_sanctuary",
      "campus": 1,
      "infos": {
        "contacts": {}
      }
    }
  },
  {
    "model": "whereabouts.property",
    "pk": 3,
    "fields": {
      "created": "2020-06-19T15:49:18.369Z",
      "modified": "2020-06-19T15:49:18.369Z",
      "is_removed": false,
      "display_name": "SSU Sauvignon Village",
      "slug": "ssu_sauvignon_village",
      "campus": 3,
      "infos": {
        "contacts": {
          "phone1": "+17076642880"
        }
      }
    }
  },
  {
    "model": "whereabouts.property",
    "pk": 4,
    "fields": {
      "created": "2020-06-19T16:13:09.702Z",
      "modified": "2020-06-19T16:13:09.702Z",
      "is_removed": false,
      "display_name": "SSU Student Center",
      "slug": "ssu_student_center",
      "campus": 3,
      "infos": {
        "contacts": {
          "phone1": "+17076642880"
        }
      }
    }
  },
  {
    "model": "whereabouts.property",
    "pk": 5,
    "fields": {
      "created": "2020-04-11T18:34:25.579Z",
      "modified": "2020-06-19T15:47:37.778Z",
      "is_removed": false,
      "display_name": "CFCCH 新堂",
      "slug": "cfcch_worship_center",
      "campus": 1,
      "infos": {
        "contacts": {}
      }
    }
  },
  {
    "model": "whereabouts.property",
    "pk": 6,
    "fields": {
      "created": "2020-04-11T18:33:59.401Z",
      "modified": "2020-06-19T15:47:44.600Z",
      "is_removed": false,
      "display_name": "CFCCH House of Agape",
      "slug": "cfcch_house_of_agape",
      "campus": 1,
      "infos": {
        "contacts": {}
      }
    }
  },
  {
    "model": "whereabouts.property",
    "pk": 7,
    "fields": {
      "created": "2020-04-11T18:33:59.401Z",
      "modified": "2020-06-19T15:47:44.600Z",
      "is_removed": false,
      "display_name": "CFCCH Remote Online",
      "slug": "cfcch_remote_online",
      "campus": 4,
      "infos": {
        "contacts": {}
      }
    }
  },
  {
    "model": "whereabouts.suite",
    "pk": 1,
    "fields": {
      "created": "2020-04-11T18:35:21.186Z",
      "modified": "2021-04-08T17:08:17.290Z",
      "is_removed": false,
      "display_name": "CFCCH 副堂2樓",
      "slug": "cfcch_fellowship_2f",
      "property": 1,
      "site": "2F"
    }
  },
  {
    "model": "whereabouts.suite",
    "pk": 2,
    "fields": {
      "created": "1999-06-19T15:54:58.877Z",
      "modified": "2020-06-19T15:54:58.877Z",
      "is_removed": false,
      "display_name": "SSU 5115",
      "slug": "ssu_5115",
      "property": 3,
      "site": "Grenache"
    }
  },
  {
    "model": "whereabouts.suite",
    "pk": 3,
    "fields": {
      "created": "1999-06-19T15:55:20.540Z",
      "modified": "2020-06-19T16:00:59.524Z",
      "is_removed": false,
      "display_name": "SSU 6202",
      "slug": "ssu_6202",
      "property": 3,
      "site": "Marsanne"
    }
  },
  {
    "model": "whereabouts.suite",
    "pk": 4,
    "fields": {
      "created": "1999-06-19T15:55:42.159Z",
      "modified": "2020-06-19T15:55:42.159Z",
      "is_removed": false,
      "display_name": "SSU 7104",
      "slug": "ssu_7104",
      "property": 3,
      "site": "Sirah"
    }
  },
  {
    "model": "whereabouts.suite",
    "pk": 5,
    "fields": {
      "created": "1999-06-19T16:17:09.636Z",
      "modified": "2020-06-19T16:17:09.636Z",
      "is_removed": false,
      "display_name": "SSU Cooperage",
      "slug": "ssu_cooperage",
      "property": 3,
      "site": "Sauv Quad"
    }
  },
  {
    "model": "whereabouts.suite",
    "pk": 6,
    "fields": {
      "created": "1999-06-19T16:21:09.147Z",
      "modified": "2020-06-19T16:21:09.147Z",
      "is_removed": false,
      "display_name": "SSU The Kitchens",
      "slug": "ssu_the_kitchens",
      "property": 4,
      "site": "1F"
    }
  },
  {
    "model": "whereabouts.suite",
    "pk": 7,
    "fields": {
      "created": "1999-06-19T16:22:14.738Z",
      "modified": "2020-06-19T16:30:40.463Z",
      "is_removed": false,
      "display_name": "SSU Dry Creek",
      "slug": "ssu_dry_creek",
      "property": 4,
      "site": "2F"
    }
  },
  {
    "model": "whereabouts.suite",
    "pk": 8,
    "fields": {
      "created": "1999-06-19T16:42:18.285Z",
      "modified": "2020-06-19T16:42:18.285Z",
      "is_removed": false,
      "display_name": "SSU Ballrooms",
      "slug": "ssu_ballrooms",
      "property": 4,
      "site": "B & C"
    }
  },
  {
    "model": "whereabouts.suite",
    "pk": 9,
    "fields": {
      "created": "2020-04-11T18:35:21.186Z",
      "modified": "2021-04-08T17:08:17.290Z",
      "is_removed": false,
      "display_name": "新堂 2F, worship center, CFCCH",
      "slug": "cfcch_worship_2f",
      "property": 5,
      "site": "2F"
    }
  },
  {
    "model": "whereabouts.suite",
    "pk": 10,
    "fields": {
      "created": "2020-04-11T18:35:21.186Z",
      "modified": "2021-04-08T17:08:17.290Z",
      "is_removed": false,
      "display_name": "新堂 1F, worship center, CFCCH",
      "slug": "cfcch_worship_1f",
      "property": 5,
      "site": "1F"
    }
  },
  {
    "model": "whereabouts.suite",
    "pk": 11,
    "fields": {
      "created": "2020-04-11T18:35:21.186Z",
      "modified": "2021-04-08T17:08:17.290Z",
      "is_removed": false,
      "display_name": "CFCCH 舊堂1樓",
      "slug": "cfcch_sanctuary_1f",
      "property": 2,
      "site": "1F"
    }
  },
  {
    "model": "whereabouts.suite",
    "pk": 12,
    "fields": {
      "created": "2020-04-11T18:35:21.186Z",
      "modified": "2021-04-08T17:08:17.290Z",
      "is_removed": false,
      "display_name": "CFCCH 副堂1樓",
      "slug": "cfcch_fellowship_1f",
      "property": 1,
      "site": "1F"
    }
  },
  {
    "model": "whereabouts.suite",
    "pk": 13,
    "fields": {
      "created": "2020-04-11T18:35:21.186Z",
      "modified": "2021-04-08T17:08:17.290Z",
      "is_removed": false,
      "display_name": "仁愛屋 1F, House of Agape, CFCCH",
      "slug": "cfcch_house_of_agape_1F",
      "property": 6,
      "site": "1F"
    }
  },
  {
    "model": "whereabouts.suite",
    "pk": 14,
    "fields": {
      "created": "2020-04-11T18:35:21.186Z",
      "modified": "2021-04-08T17:08:17.290Z",
      "is_removed": false,
      "display_name": "CFCCH Zoom",
      "slug": "cfcch_remote_online_zoom",
      "property": 7,
      "site": "app/web/phone"
    }
  },
  {
    "model": "whereabouts.room",
    "pk": 1,
    "fields": {
      "created": "2020-04-11T18:35:55.012Z",
      "modified": "2020-06-19T16:03:03.166Z",
      "is_removed": false,
      "display_name": "副堂 F205, fellowship hall, CFCCH",
      "slug": "cfcch_fellowship_f205",
      "suite": 1,
      "label": null,
      "infos": {
        "accessibility": 2
      }
    }
  },
  {
    "model": "whereabouts.room",
    "pk": 2,
    "fields": {
      "created": "1999-06-19T15:56:29.989Z",
      "modified": "2020-06-19T16:01:11.185Z",
      "is_removed": false,
      "display_name": "SSU 5115-A",
      "slug": "ssu_5115",
      "suite": 2,
      "label": "A",
      "infos": {
        "accessibility": 1
      }
    }
  },
  {
    "model": "whereabouts.room",
    "pk": 3,
    "fields": {
      "created": "2020-04-11T18:35:55.012Z",
      "modified": "2020-06-19T16:03:03.166Z",
      "is_removed": false,
      "display_name": "新堂 107, worship center, CFCCH",
      "slug": "cfcch_worship_107",
      "suite": 10,
      "label": null,
      "infos": {
        "accessibility": 0
      }
    }
  },
  {
    "model": "whereabouts.room",
    "pk": 4,
    "fields": {
      "created": "1999-06-19T16:01:49.010Z",
      "modified": "2020-06-19T16:02:23.018Z",
      "is_removed": false,
      "display_name": "SSU 6202-C",
      "slug": "ssu_6202_c",
      "suite": 3,
      "label": "C",
      "infos": {
        "accessibility": 2
      }
    }
  },
  {
    "model": "whereabouts.room",
    "pk": 5,
    "fields": {
      "created": "1999-06-19T16:02:45.118Z",
      "modified": "2020-06-19T16:04:53.661Z",
      "is_removed": false,
      "display_name": "SSU 7104 living room",
      "slug": "ssu_7104_living",
      "suite": 4,
      "label": "living room",
      "infos": {
        "accessibility": 1
      }
    }
  },
  {
    "model": "whereabouts.room",
    "pk": 6,
    "fields": {
      "created": "2020-04-11T18:35:55.012Z",
      "modified": "2020-06-19T16:03:03.166Z",
      "is_removed": false,
      "display_name": "CFCCH fellowship F207",
      "slug": "cfcch_fellowship_f207",
      "suite": 1,
      "label": null,
      "infos": {
        "accessibility": 2
      }
    }
  },
  {
    "model": "whereabouts.room",
    "pk": 7,
    "fields": {
      "created": "2020-04-11T18:35:55.012Z",
      "modified": "2020-06-19T16:03:03.166Z",
      "is_removed": false,
      "display_name": "新堂 202, worship center, CFCCH",
      "slug": "cfcch_worship_202",
      "suite": 9,
      "label": null,
      "infos": {
        "accessibility": 0
      }
    }
  },
  {
    "model": "whereabouts.room",
    "pk": 8,
    "fields": {
      "created": "2020-04-11T18:35:55.012Z",
      "modified": "2020-06-19T16:03:03.166Z",
      "is_removed": false,
      "display_name": "CFCCH fellowship F201",
      "slug": "cfcch_fellowship_f201",
      "suite": 1,
      "label": null,
      "infos": {
        "accessibility": 2
      }
    }
  },
  {
    "model": "whereabouts.room",
    "pk": 9,
    "fields": {
      "created": "2020-04-11T18:35:55.012Z",
      "modified": "2020-06-19T16:03:03.166Z",
      "is_removed": false,
      "display_name": "CFCCH fellowship F202",
      "slug": "cfcch_fellowship_f202",
      "suite": 1,
      "label": null,
      "infos": {
        "accessibility": 2
      }
    }
  },
  {
    "model": "whereabouts.room",
    "pk": 10,
    "fields": {
      "created": "2020-04-11T18:35:55.012Z",
      "modified": "2020-06-19T16:03:03.166Z",
      "is_removed": false,
      "display_name": "CFCCH fellowship F203",
      "slug": "cfcch_fellowship_f203",
      "suite": 1,
      "label": null,
      "infos": {
        "accessibility": 2
      }
    }
  },
  {
    "model": "whereabouts.room",
    "pk": 11,
    "fields": {
      "created": "2020-04-11T18:35:55.012Z",
      "modified": "2020-06-19T16:03:03.166Z",
      "is_removed": false,
      "display_name": "CFCCH fellowship F204",
      "slug": "cfcch_fellowship_f204",
      "suite": 1,
      "label": null,
      "infos": {
        "accessibility": 2
      }
    }
  },
  {
    "model": "whereabouts.room",
    "pk": 12,
    "fields": {
      "created": "2020-04-11T18:35:55.012Z",
      "modified": "2020-06-19T16:03:03.166Z",
      "is_removed": false,
      "display_name": "CFCCH fellowship F206",
      "slug": "cfcch_fellowship_f206",
      "suite": 1,
      "label": null,
      "infos": {
        "accessibility": 2
      }
    }
  },
  {
    "model": "whereabouts.room",
    "pk": 13,
    "fields": {
      "created": "1999-06-19T15:57:03.565Z",
      "modified": "2020-06-19T16:01:17.889Z",
      "is_removed": false,
      "display_name": "SSU 5115-B",
      "slug": "ssu_5115_b",
      "suite": 2,
      "label": "B",
      "infos": {
        "accessibility": 1
      }
    }
  },
  {
    "model": "whereabouts.room",
    "pk": 14,
    "fields": {
      "created": "2020-04-11T18:35:55.012Z",
      "modified": "2020-06-19T16:03:03.166Z",
      "is_removed": false,
      "display_name": "新堂 201, worship center, CFCCH",
      "slug": "cfcch_worship_201",
      "suite": 9,
      "label": null,
      "infos": {
        "accessibility": 0
      }
    }
  },
  {
    "model": "whereabouts.room",
    "pk": 15,
    "fields": {
      "created": "2020-04-11T18:35:55.012Z",
      "modified": "2020-06-19T16:03:03.166Z",
      "is_removed": false,
      "display_name": "新堂 203, worship center, CFCCH",
      "slug": "cfcch_worship_203",
      "suite": 9,
      "label": null,
      "infos": {
        "accessibility": 0
      }
    }
  },
  {
    "model": "whereabouts.room",
    "pk": 16,
    "fields": {
      "created": "2020-04-11T18:35:55.012Z",
      "modified": "2020-06-19T16:03:03.166Z",
      "is_removed": false,
      "display_name": "新堂 204, worship center, CFCCH",
      "slug": "cfcch_worship_204",
      "suite": 9,
      "label": null,
      "infos": {
        "accessibility": 0
      }
    }
  },
  {
    "model": "whereabouts.room",
    "pk": 17,
    "fields": {
      "created": "2020-04-11T18:35:55.012Z",
      "modified": "2020-06-19T16:03:03.166Z",
      "is_removed": false,
      "display_name": "新堂 206, worship center, CFCCH",
      "slug": "cfcch_worship_206",
      "suite": 9,
      "label": null,
      "infos": {
        "accessibility": 0
      }
    }
  },
  {
    "model": "whereabouts.room",
    "pk": 18,
    "fields": {
      "created": "2020-04-11T18:35:55.012Z",
      "modified": "2020-06-19T16:03:03.166Z",
      "is_removed": false,
      "display_name": "新堂 205, worship center, CFCCH",
      "slug": "cfcch_worship_205",
      "suite": 9,
      "label": "observation window",
      "infos": {
        "accessibility": 0
      }
    }
  },
  {
    "model": "whereabouts.room",
    "pk": 19,
    "fields": {
      "created": "2020-04-11T18:35:55.012Z",
      "modified": "2020-06-19T16:03:03.166Z",
      "is_removed": false,
      "display_name": "新大堂 hall, worship center, CFCCH",
      "slug": "cfcch_worship_hall",
      "suite": 10,
      "label": null,
      "infos": {
        "accessibility": 0
      }
    }
  },
  {
    "model": "whereabouts.room",
    "pk": 20,
    "fields": {
      "created": "2020-04-11T18:35:55.012Z",
      "modified": "2020-06-19T16:03:03.166Z",
      "is_removed": false,
      "display_name": "舊大堂, old sanctuary, CFCCH",
      "slug": "cfcch_old_sanctuary",
      "suite": 11,
      "label": null,
      "infos": {
        "accessibility": 0
      }
    }
  },
  {
    "model": "whereabouts.room",
    "pk": 21,
    "fields": {
      "created": "2020-04-11T18:35:55.012Z",
      "modified": "2020-06-19T16:03:03.166Z",
      "is_removed": false,
      "display_name": "副堂 大廳 hall, fellowship 1F, CFCCH",
      "slug": "cfcch_fellowship_hall",
      "suite": 12,
      "label": null,
      "infos": {
        "accessibility": 0
      }
    }
  },
  {
    "model": "whereabouts.room",
    "pk": 22,
    "fields": {
      "created": "2020-04-11T18:35:55.012Z",
      "modified": "2020-06-19T16:03:03.166Z",
      "is_removed": false,
      "display_name": "仁愛屋 大廳 hall, house of Agape 1F, CFCCH",
      "slug": "cfcch_house_of_agape_1f_hall",
      "suite": 13,
      "label": null,
      "infos": {
        "accessibility": 0
      }
    }
  },
  {
    "model": "whereabouts.room",
    "pk": 23,
    "fields": {
      "created": "2020-04-11T18:35:55.012Z",
      "modified": "2020-06-19T16:03:03.166Z",
      "is_removed": false,
      "display_name": "CFCCH Zoom 3583017026",
      "slug": "cfcch_remote_online_zoom_3583017026",
      "suite": 14,
      "label": null,
      "infos": {
        "accessibility": 0
      }
    }
  },
  {
    "model": "persons.category",
    "pk": -1,
    "fields": {
      "created": "2021-05-22T22:20:43.067Z",
      "modified": "2021-05-22T22:25:39.965Z",
      "is_removed": false,
      "type": "attendance",
      "display_order": 0,
      "display_name": "importer",
      "infos": {}
    }
  },
  {
    "model": "persons.category",
    "pk": 0,
    "fields": {
      "created": "2021-05-22T22:20:43.067Z",
      "modified": "2021-05-22T22:25:39.965Z",
      "is_removed": false,
      "type": "folk",
      "display_order": 0,
      "display_name": "Family",
      "infos": {}
    }
  },
  {
    "model": "persons.category",
    "pk": 1,
    "fields": {
      "created": "2021-05-22T22:20:43.067Z",
      "modified": "2021-05-22T22:25:39.965Z",
      "is_removed": false,
      "type": "attendance",
      "display_order": 0,
      "display_name": "scheduled",
      "infos": {}
    }
  },
  {
    "model": "persons.category",
    "pk": 2,
    "fields": {
      "created": "2021-05-22T22:25:26.760Z",
      "modified": "2021-05-22T22:25:26.760Z",
      "is_removed": false,
      "type": "education",
      "display_order": 0,
      "display_name": "Postgraduate",
      "infos": {}
    }
  },
  {
    "model": "persons.category",
    "pk": 3,
    "fields": {
      "created": "2021-05-23T12:55:51.864Z",
      "modified": "2021-10-22T15:12:40.352Z",
      "is_removed": false,
      "type": "status",
      "display_order": 0,
      "display_name": "general",
      "infos": {}
    }
  },
  {
    "model": "persons.category",
    "pk": 4,
    "fields": {
      "created": "2021-05-23T12:56:31.387Z",
      "modified": "2021-07-12T16:20:11.182Z",
      "is_removed": false,
      "type": "status",
      "display_order": 0,
      "display_name": "receive",
      "infos": {}
    }
  },
  {
    "model": "persons.category",
    "pk": 5,
    "fields": {
      "created": "2021-05-23T13:01:21.838Z",
      "modified": "2021-05-23T13:01:21.838Z",
      "is_removed": false,
      "type": "status",
      "display_order": 0,
      "display_name": "baptized",
      "infos": {}
    }
  },
  {
    "model": "persons.category",
    "pk": 6,
    "fields": {
      "created": "2021-05-20T13:01:21.838Z",
      "modified": "2021-05-23T13:01:21.838Z",
      "is_removed": false,
      "type": "attendance",
      "display_order": 0,
      "display_name": "Active",
      "infos": {}
    }
  },
  {
    "model": "persons.category",
    "pk": 7,
    "fields": {
      "created": "2021-05-20T13:01:21.838Z",
      "modified": "2021-05-23T13:01:21.838Z",
      "is_removed": false,
      "type": "attendance",
      "display_order": 0,
      "display_name": "confirmed",
      "infos": {}
    }
  },
  {
    "model": "persons.category",
    "pk": 8,
    "fields": {
      "created": "2021-05-20T13:01:21.838Z",
      "modified": "2021-05-23T13:01:21.838Z",
      "is_removed": false,
      "type": "attendance",
      "display_order": 0,
      "display_name": "cancelled",
      "infos": {}
    }
  },
  {
    "model": "persons.category",
    "pk": 9,
    "fields": {
      "created": "2021-05-20T13:01:21.838Z",
      "modified": "2021-05-23T13:01:21.838Z",
      "is_removed": false,
      "type": "attendance",
      "display_order": 0,
      "display_name": "attended",
      "infos": {}
    }
  },
  {
    "model": "persons.category",
    "pk": 10,
    "fields": {
      "created": "2021-05-20T13:01:21.838Z",
      "modified": "2021-05-23T13:01:21.838Z",
      "is_removed": false,
      "type": "attendance",
      "display_order": 0,
      "display_name": "absent",
      "infos": {}
    }
  },
  {
    "model": "persons.category",
    "pk": 11,
    "fields": {
      "created": "2021-05-20T13:01:21.838Z",
      "modified": "2021-05-23T13:01:21.838Z",
      "is_removed": false,
      "type": "note",
      "display_order": 0,
      "display_name": "public",
      "infos": {}
    }
  },
  {
    "model": "persons.category",
    "pk": 12,
    "fields": {
      "created": "2021-05-20T13:01:21.838Z",
      "modified": "2021-05-23T13:01:21.838Z",
      "is_removed": false,
      "type": "note",
      "display_order": 0,
      "display_name": "for coworkers",
      "infos": {}
    }
  },
  {
    "model": "persons.category",
    "pk": 13,
    "fields": {
      "created": "2021-05-20T13:01:21.838Z",
      "modified": "2021-05-23T13:01:21.838Z",
      "is_removed": false,
      "type": "note",
      "display_order": 0,
      "display_name": "counseling",
      "infos": {
        "note": "private to assigners"
      }
    }
  },
  {
    "model": "persons.category",
    "pk": 14,
    "fields": {
      "created": "2021-05-20T13:01:21.838Z",
      "modified": "2021-05-23T13:01:21.838Z",
      "is_removed": false,
      "type": "call",
      "display_order": 0,
      "display_name": "public",
      "infos": {}
    }
  },
  {
    "model": "persons.category",
    "pk": 15,
    "fields": {
      "created": "2021-05-20T13:01:21.838Z",
      "modified": "2021-05-23T13:01:21.838Z",
      "is_removed": false,
      "type": "call",
      "display_order": 0,
      "display_name": "private",
      "infos": {}
    }
  },
  {
    "model": "persons.category",
    "pk": 16,
    "fields": {
      "created": "2021-10-22T15:14:47.127Z",
      "modified": "2021-10-22T15:14:47.127Z",
      "is_removed": false,
      "type": "education",
      "display_order": 0,
      "display_name": "primary",
      "infos": {}
    }
  },
  {
    "model": "persons.category",
    "pk": 17,
    "fields": {
      "created": "2021-10-22T15:15:04.108Z",
      "modified": "2021-10-22T15:15:04.108Z",
      "is_removed": false,
      "type": "education",
      "display_order": 0,
      "display_name": "secondary",
      "infos": {}
    }
  },
  {
    "model": "persons.category",
    "pk": 18,
    "fields": {
      "created": "2021-10-22T15:15:15.508Z",
      "modified": "2021-10-22T15:15:15.508Z",
      "is_removed": false,
      "type": "education",
      "display_order": 0,
      "display_name": "alternative",
      "infos": {}
    }
  },
  {
    "model": "persons.category",
    "pk": 19,
    "fields": {
      "created": "2021-05-23T13:01:21.838Z",
      "modified": "2021-05-23T13:01:21.838Z",
      "is_removed": false,
      "type": "status",
      "display_order": 0,
      "display_name": "visitor",
      "infos": {}
    }
  },
  {
    "model": "persons.category",
    "pk": 20,
    "fields": {
      "created": "2021-05-23T13:01:21.838Z",
      "modified": "2021-05-23T13:01:21.838Z",
      "is_removed": false,
      "type": "status",
      "display_order": 0,
      "display_name": "interested",
      "infos": {}
    }
  },
  {
    "model": "persons.category",
    "pk": 21,
    "fields": {
      "created": "2021-05-23T13:01:21.838Z",
      "modified": "2021-05-23T13:01:21.838Z",
      "is_removed": false,
      "type": "status",
      "display_order": 0,
      "display_name": "catechumen",
      "infos": {}
    }
  },
  {
    "model": "persons.category",
    "pk": 22,
    "fields": {
      "created": "2021-05-23T13:01:21.838Z",
      "modified": "2021-05-23T13:01:21.838Z",
      "is_removed": false,
      "type": "status",
      "display_order": 0,
      "display_name": "disbeliever",
      "infos": {}
    }
  },
  {
    "model": "persons.category",
    "pk": 23,
    "fields": {
      "created": "2021-05-23T13:01:21.838Z",
      "modified": "2021-05-23T13:01:21.838Z",
      "is_removed": false,
      "type": "status",
      "display_order": 0,
      "display_name": "coworker",
      "infos": {}
    }
  },
  {
    "model": "persons.category",
    "pk": 24,
    "fields": {
      "created": "2021-05-23T13:01:21.838Z",
      "modified": "2021-05-23T13:01:21.838Z",
      "is_removed": false,
      "type": "status",
      "display_order": 0,
      "display_name": "deacon",
      "infos": {}
    }
  },
  {
    "model": "persons.category",
    "pk": 25,
    "fields": {
      "created": "2021-05-22T22:20:43.067Z",
      "modified": "2021-05-22T22:25:39.965Z",
      "is_removed": false,
      "type": "folk",
      "display_order": 0,
      "display_name": "Other",
      "infos": {}
    }
  },
  {
    "model": "persons.category",
    "pk": 26,
    "fields": {
      "created": "2021-05-22T22:20:43.067Z",
      "modified": "2021-05-22T22:25:39.965Z",
      "is_removed": false,
      "type": "attendance",
      "display_order": 0,
      "display_name": "Inactive",
      "infos": {}
    }
  },
  {
    "model": "persons.category",
    "pk": 27,
    "fields": {
      "created": "2021-05-22T22:20:43.067Z",
      "modified": "2021-05-22T22:25:39.965Z",
      "is_removed": false,
      "type": "attendance",
      "display_order": 0,
      "display_name": "Paused",
      "infos": {}
    }
  },
  {
    "model": "persons.category",
    "pk": 28,
    "fields": {
      "created": "2021-05-22T22:20:43.067Z",
      "modified": "2021-05-22T22:25:39.965Z",
      "is_removed": false,
      "type": "attendance",
      "display_order": 0,
      "display_name": "Primary",
      "infos": {}
    }
  },
  {
    "model": "persons.category",
    "pk": 29,
    "fields": {
      "created": "2021-05-22T22:20:43.067Z",
      "modified": "2021-05-22T22:25:39.965Z",
      "is_removed": false,
      "type": "attendance",
      "display_order": 0,
      "display_name": "Secondary",
      "infos": {}
    }
  },
  {
    "model": "persons.category",
    "pk": 30,
    "fields": {
      "created": "2021-05-22T22:20:43.067Z",
      "modified": "2021-05-22T22:25:39.965Z",
      "is_removed": false,
      "type": "education",
      "display_order": 0,
      "display_name": "College",
      "infos": {}
    }
  },
  {
    "model": "persons.category",
    "pk": 31,
    "fields": {
      "created": "2021-05-22T22:20:43.067Z",
      "modified": "2021-05-22T22:25:39.965Z",
      "is_removed": false,
      "type": "attendance",
      "display_order": 0,
      "display_name": "Remote",
      "infos": {}
    }
  },
  {
    "model": "persons.category",
    "pk": 32,
    "fields": {
      "created": "2021-05-22T22:20:43.067Z",
      "modified": "2021-05-22T22:25:39.965Z",
      "is_removed": false,
      "type": "attendance",
      "display_order": 0,
      "display_name": "leave/off/vacation",
      "infos": {}
    }
  },
  {
    "model": "persons.category",
    "pk": 33,
    "fields": {
      "created": "2021-05-22T22:20:43.067Z",
      "modified": "2021-05-22T22:25:39.965Z",
      "is_removed": false,
      "type": "assembly",
      "display_order": 0,
      "display_name": "public",
      "infos": {}
    }
  },
  {
    "model": "persons.category",
    "pk": 34,
    "fields": {
      "created": "2021-05-22T22:20:43.067Z",
      "modified": "2021-05-22T22:25:39.965Z",
      "is_removed": false,
      "type": "assembly",
      "display_order": 0,
      "display_name": "internal",
      "infos": {}
    }
  },
  {
    "model": "persons.category",
    "pk": 35,
    "fields": {
      "created": "2021-05-22T22:20:43.067Z",
      "modified": "2021-05-22T22:25:39.965Z",
      "is_removed": false,
      "type": "folk",
      "display_order": 0,
      "display_name": "Carpool",
      "infos": {}
    }
  },
  {
    "model": "persons.category",
    "pk": 36,
    "fields": {
      "created": "2021-05-22T22:20:43.067Z",
      "modified": "2021-05-22T22:25:39.965Z",
      "is_removed": false,
      "type": "check",
      "display_order": 0,
      "display_name": "Check",
      "infos": {}
    }
  },
  {
    "model": "persons.category",
    "pk": 37,
    "fields": {
      "created": "2021-05-23T13:01:21.838Z",
      "modified": "2021-05-23T13:01:21.838Z",
      "is_removed": false,
      "type": "status",
      "display_order": 0,
      "display_name": "member",
      "infos": {}
    }
  },
  {
    "model": "persons.past",
    "pk": "070ade81-dbf4-47c4-a1e0-046f553021b8",
    "fields": {
      "created": "2021-05-23T13:03:48.096Z",
      "modified": "2021-05-23T13:11:31.627Z",
      "is_removed": false,
      "content_type": 84,
      "object_id": "aa24758f-cc70-4353-b1d7-9c616b3db425",
      "when": "2021-05-23",
      "finish": null,
      "category": 2,
      "display_order": 30000,
      "display_name": "secret to hagar(if user#2 created)",
      "organization": 1,
      "infos": {
        "comment": null,
        "show_secret": {
          "22c29cd5-a5ab-46a3-afe6-d5a600c33fc9": true
        }
      }
    }
  },
  {
    "model": "persons.past",
    "pk": "12387723-6a81-4889-93c0-76c937714aaf",
    "fields": {
      "created": "2021-05-23T13:03:28.804Z",
      "modified": "2021-05-23T13:11:11.686Z",
      "is_removed": false,
      "content_type": 84,
      "object_id": "aa24758f-cc70-4353-b1d7-9c616b3db425",
      "when": "2021-05-23",
      "finish": null,
      "category": 30,
      "display_order": 30000,
      "display_name": "where and major",
      "organization": 1,
      "infos": {
        "comment": null,
        "show_secret": {}
      }
    }
  },
  {
    "model": "persons.past",
    "pk": "413f86b6-4f4c-4293-a2b1-f6ede5ddf60c",
    "fields": {
      "created": "2021-05-23T13:14:49.684Z",
      "modified": "2021-06-11T16:23:58.098Z",
      "is_removed": false,
      "content_type": 84,
      "object_id": "aa24758f-cc70-4353-b1d7-9c616b3db425",
      "when": "2021-05-23",
      "finish": null,
      "category": 5,
      "display_order": 30000,
      "display_name": "baptized at where by whom hhh",
      "organization": 1,
      "infos": {
        "comment": null,
        "show_secret": {}
      }
    }
  },
  {
    "model": "persons.past",
    "pk": "c79ee1c6-7a50-45ba-9ce0-d2bc2cc3bd72",
    "fields": {
      "created": "2021-05-23T13:10:51.374Z",
      "modified": "2021-05-23T13:10:51.374Z",
      "is_removed": false,
      "content_type": 84,
      "object_id": "aa24758f-cc70-4353-b1d7-9c616b3db425",
      "when": "2021-05-23",
      "finish": null,
      "category": 4,
      "display_order": 30000,
      "display_name": "accept at where by whom",
      "organization": 1,
      "infos": {
        "comment": null,
        "show_secret": {}
      }
    }
  },
  {
    "model": "persons.past",
    "pk": "ef2cd5eb-2016-4eb4-a1be-247b70661bff",
    "fields": {
      "created": "2021-05-23T13:05:34.202Z",
      "modified": "2021-05-23T13:09:48.778Z",
      "is_removed": false,
      "content_type": 84,
      "object_id": "aa24758f-cc70-4353-b1d7-9c616b3db425",
      "when": "2021-05-23",
      "finish": null,
      "category": 3,
      "display_order": 30000,
      "display_name": "believe at where by whom",
      "organization": 1,
      "infos": {
        "comment": null,
        "show_secret": {}
      }
    }
  },
  {
    "model": "persons.folk",
    "pk": "09bdfd7b-b5bc-48ed-a02e-08efd662a144",
    "fields": {
      "created": "2021-11-29T17:36:47.083Z",
      "modified": "2021-11-29T17:36:47.083Z",
      "is_removed": false,
      "division": 1,
      "category": 25,
      "display_name": "Sarah 撒拉 relationship",
      "display_order": 0,
      "infos": {
        "print_directory": false
      }
    }
  },
  {
    "model": "persons.folk",
    "pk": "10ef8af8-9a37-11ea-b554-dd12bf8b78b9",
    "fields": {
      "created": "1999-05-02T22:02:57.456Z",
      "modified": "2020-05-02T22:02:57.456Z",
      "is_removed": false,
      "division": 1,
      "category": 0,
      "display_name": "Abraham & Sarah",
      "display_order": 0,
      "infos": {
        "print_directory": true
      }
    }
  },
  {
    "model": "persons.folk",
    "pk": "1602bae5-45a8-465e-b637-5ed37b92d4ea",
    "fields": {
      "created": "2021-11-29T17:36:46.997Z",
      "modified": "2021-11-29T17:36:46.997Z",
      "is_removed": false,
      "division": 3,
      "category": 25,
      "display_name": "Esau 以掃 relationship",
      "display_order": 0,
      "infos": {
        "print_directory": false
      }
    }
  },
  {
    "model": "persons.folk",
    "pk": "185ef13f-a794-4429-9b29-8062ab3f204e",
    "fields": {
      "created": "2021-11-29T17:36:47.046Z",
      "modified": "2021-11-29T17:36:47.046Z",
      "is_removed": false,
      "division": 3,
      "category": 25,
      "display_name": "John 約翰 relationship",
      "display_order": 0,
      "infos": {
        "print_directory": false
      }
    }
  },
  {
    "model": "persons.folk",
    "pk": "1ac2870f-9822-49e1-96da-ac672a48e5f7",
    "fields": {
      "created": "2021-11-29T17:36:47.006Z",
      "modified": "2021-11-29T17:36:47.006Z",
      "is_removed": false,
      "division": 2,
      "category": 25,
      "display_name": "Esther 以斯帖 relationship",
      "display_order": 0,
      "infos": {
        "print_directory": false
      }
    }
  },
  {
    "model": "persons.folk",
    "pk": "249335f0-9a37-11ea-b554-dd12bf8b78b9",
    "fields": {
      "created": "1999-05-10T00:46:32.567Z",
      "modified": "2020-11-16T04:14:46.595Z",
      "is_removed": false,
      "division": 2,
      "category": 0,
      "display_name": "David&Abigail",
      "display_order": 0,
      "infos": {
        "print_directory": true
      }
    }
  },
  {
    "model": "persons.folk",
    "pk": "25779050-aed0-42c7-b189-cf08f5b80639",
    "fields": {
      "created": "2021-11-29T17:36:47.039Z",
      "modified": "2021-11-29T17:36:47.039Z",
      "is_removed": false,
      "division": 3,
      "category": 25,
      "display_name": "James 雅各 relationship",
      "display_order": 0,
      "infos": {
        "print_directory": false
      }
    }
  },
  {
    "model": "persons.folk",
    "pk": "2d8cbe28-c658-4896-9a9a-caafb1c2b72f",
    "fields": {
      "created": "1999-11-16T02:07:31.509Z",
      "modified": "2020-11-16T04:15:45.122Z",
      "is_removed": false,
      "division": 1,
      "category": 0,
      "display_name": "Issac & Rebecca",
      "display_order": 0,
      "infos": {
        "print_directory": true
      }
    }
  },
  {
    "model": "persons.folk",
    "pk": "2e1d302a-196f-4a2b-a736-21c49561e487",
    "fields": {
      "created": "2021-11-29T17:36:46.986Z",
      "modified": "2021-11-29T17:36:46.986Z",
      "is_removed": false,
      "division": 1,
      "category": 25,
      "display_name": "Deborah 底波拉 relationship",
      "display_order": 0,
      "infos": {
        "print_directory": false
      }
    }
  },
  {
    "model": "persons.folk",
    "pk": "346ca998-37f6-4e6f-a220-25ff14c2ae9b",
    "fields": {
      "created": "2021-11-29T17:36:46.951Z",
      "modified": "2021-11-29T17:36:46.951Z",
      "is_removed": false,
      "division": 1,
      "category": 25,
      "display_name": "Abraham 亞伯拉罕 relationship",
      "display_order": 0,
      "infos": {
        "print_directory": false
      }
    }
  },
  {
    "model": "persons.folk",
    "pk": "38d27638-e9b6-4e64-ad69-ce6eb3f724fa",
    "fields": {
      "created": "2021-11-29T17:36:47.023Z",
      "modified": "2021-11-29T17:36:47.023Z",
      "is_removed": false,
      "division": 1,
      "category": 25,
      "display_name": "Isaac 以撒 relationship",
      "display_order": 0,
      "infos": {
        "print_directory": false
      }
    }
  },
  {
    "model": "persons.folk",
    "pk": "40cb3b32-14ff-4eb1-bcdc-ede5a9e00985",
    "fields": {
      "created": "2021-11-29T17:36:47.075Z",
      "modified": "2021-11-29T17:36:47.075Z",
      "is_removed": false,
      "division": 1,
      "category": 25,
      "display_name": "Samson 參孫 relationship",
      "display_order": 0,
      "infos": {
        "print_directory": false
      }
    }
  },
  {
    "model": "persons.folk",
    "pk": "4b104933-38f2-41ab-a653-285a81974ed3",
    "fields": {
      "created": "2021-11-29T17:36:46.975Z",
      "modified": "2021-11-29T17:36:46.975Z",
      "is_removed": false,
      "division": 2,
      "category": 25,
      "display_name": "David 大衛 relationship",
      "display_order": 0,
      "infos": {
        "print_directory": false
      }
    }
  },
  {
    "model": "persons.folk",
    "pk": "5960406e-d291-4ce0-b830-0abb330d3f8f",
    "fields": {
      "created": "2021-11-29T17:36:47.098Z",
      "modified": "2021-11-29T17:36:47.098Z",
      "is_removed": false,
      "division": 4,
      "category": 25,
      "display_name": "Elizabeth 以利沙伯 relationship",
      "display_order": 0,
      "infos": {
        "print_directory": false
      }
    }
  },
  {
    "model": "persons.folk",
    "pk": "86519bdf-fdd3-41b5-8adb-db9b259ce365",
    "fields": {
      "created": "2021-11-29T17:36:46.963Z",
      "modified": "2021-11-29T17:36:46.963Z",
      "is_removed": false,
      "division": 1,
      "category": 25,
      "display_name": "Chileab 基利押 relationship",
      "display_order": 0,
      "infos": {
        "print_directory": false
      }
    }
  },
  {
    "model": "persons.folk",
    "pk": "9a9dbbb5-8de5-4769-b3ff-a3861fe99785",
    "fields": {
      "created": "2021-11-29T17:35:27.417Z",
      "modified": "2021-11-29T17:36:46.939Z",
      "is_removed": false,
      "division": 2,
      "category": 25,
      "display_name": "Abigail 亞比該 relationship",
      "display_order": 0,
      "infos": {
        "print_directory": false
      }
    }
  },
  {
    "model": "persons.folk",
    "pk": "ad4153c4-9a36-11ea-b554-dd12bf8b78b9",
    "fields": {
      "created": "1999-05-02T21:17:26.399Z",
      "modified": "2020-11-16T04:15:07.313Z",
      "is_removed": false,
      "division": 2,
      "category": 0,
      "display_name": "Hagar & Ishmael",
      "display_order": 0,
      "infos": {
        "print_directory": true
      }
    }
  },
  {
    "model": "persons.folk",
    "pk": "be5cff4a-034c-441d-a714-9d21e7f4ffdb",
    "fields": {
      "created": "2021-11-29T17:36:47.053Z",
      "modified": "2021-11-29T17:36:47.053Z",
      "is_removed": false,
      "division": 3,
      "category": 25,
      "display_name": "Lydia 呂底亞 relationship",
      "display_order": 0,
      "infos": {
        "print_directory": false
      }
    }
  },
  {
    "model": "persons.folk",
    "pk": "c006f407-cdd3-435c-ba0f-ca79e3f96827",
    "fields": {
      "created": "2021-11-29T17:36:47.015Z",
      "modified": "2021-11-29T17:36:47.015Z",
      "is_removed": false,
      "division": 2,
      "category": 25,
      "display_name": "Hagar 夏甲 relationship",
      "display_order": 0,
      "infos": {
        "print_directory": false
      }
    }
  },
  {
    "model": "persons.folk",
    "pk": "c78c5a0b-aa3e-42f2-8fd4-f47b8a00cc73",
    "fields": {
      "created": "2021-11-29T17:36:47.068Z",
      "modified": "2021-11-29T17:36:47.068Z",
      "is_removed": false,
      "division": 1,
      "category": 25,
      "display_name": "Rebecca 利百加 relationship",
      "display_order": 0,
      "infos": {
        "print_directory": false
      }
    }
  },
  {
    "model": "persons.folk",
    "pk": "e5889be2-d451-409b-9679-d3493766bbb7",
    "fields": {
      "created": "2021-11-29T17:36:47.061Z",
      "modified": "2021-11-29T17:36:47.061Z",
      "is_removed": false,
      "division": 6,
      "category": 25,
      "display_name": "Nabal 拿八 relationship",
      "display_order": 0,
      "infos": {
        "print_directory": false
      }
    }
  },
  {
    "model": "persons.folk",
    "pk": "f578ba14-344e-49e5-ba98-3713cd174f1a",
    "fields": {
      "created": "2021-11-29T17:36:47.090Z",
      "modified": "2021-11-29T17:36:47.090Z",
      "is_removed": false,
      "division": 1,
      "category": 25,
      "display_name": "superuser system admin 超級使用者管理員 relationship",
      "display_order": 0,
      "infos": {
        "print_directory": false
      }
    }
  },
  {
    "model": "persons.folk",
    "pk": "fe40e456-a65e-4617-ae02-d20ad5b19b12",
    "fields": {
      "created": "2021-11-29T17:36:47.031Z",
      "modified": "2021-11-29T17:36:47.031Z",
      "is_removed": false,
      "division": 3,
      "category": 25,
      "display_name": "Ishmael 以實瑪利 relationship",
      "display_order": 0,
      "infos": {
        "print_directory": false
      }
    }
  },
  {
    "model": "persons.attendee",
    "pk": "0498c414-abd3-4173-add1-5e42053760e4",
    "fields": {
      "created": "1999-04-11T19:36:20.422Z",
      "modified": "2021-10-22T15:24:30.318Z",
      "is_removed": false,
      "division": 2,
      "user": null,
      "first_name": "David",
      "last_name": "",
      "first_name2": "大衛",
      "last_name2": "",
      "gender": "MALE",
      "actual_birthday": null,
      "estimated_birthday": null,
      "deathday": null,
      "photo": "",
      "infos": {
        "fixed": {
          "mobility": 100
        },
        "names": {
          "original": "David 大衛",
          "simplified": "David 大卫",
          "traditional": "David 大衛",
          "romanization": "David Da Wei "
        },
        "contacts": {},
        "schedulers": {},
        "emergency_contacts": {},
        "updating_attendees": {}
      }
    }
  },
  {
    "model": "persons.attendee",
    "pk": "22c29cd5-a5ab-46a3-afe6-d5a600c33fc9",
    "fields": {
      "created": "1999-04-11T19:32:19.822Z",
      "modified": "2021-10-22T15:24:47.679Z",
      "is_removed": false,
      "division": 2,
      "user": 2,
      "first_name": "Hagar",
      "last_name": "",
      "first_name2": "夏甲",
      "last_name2": "",
      "gender": "FEMALE",
      "actual_birthday": null,
      "estimated_birthday": null,
      "deathday": null,
      "photo": "",
      "infos": {
        "fixed": {
          "mobility": 2
        },
        "names": {
          "original": "Hagar 夏甲",
          "simplified": "Hagar 夏甲",
          "traditional": "Hagar 夏甲",
          "romanization": "Hagar Xia Jia "
        },
        "contacts": {},
        "schedulers": {},
        "emergency_contacts": {},
        "updating_attendees": {}
      }
    }
  },
  {
    "model": "persons.attendee",
    "pk": "3566e642-3624-42e3-9644-c54b08d8c6d6",
    "fields": {
      "created": "1999-04-11T19:37:15.410Z",
      "modified": "2021-10-22T15:25:07.861Z",
      "is_removed": false,
      "division": 1,
      "user": null,
      "first_name": "Samson",
      "last_name": "",
      "first_name2": "參孫",
      "last_name2": "",
      "gender": "MALE",
      "actual_birthday": null,
      "estimated_birthday": null,
      "deathday": null,
      "photo": "",
      "infos": {
        "fixed": {
          "mobility": 2
        },
        "names": {
          "nick": "弟兄",
          "original": "Samson 參孫",
          "simplified": "Samson 参孙",
          "traditional": "Samson 參孫",
          "romanization": "Samson Can Sun "
        },
        "contacts": {},
        "schedulers": {},
        "emergency_contacts": {},
        "updating_attendees": {}
      }
    }
  },
  {
    "model": "persons.attendee",
    "pk": "37ba5cc7-c7a7-419f-833f-915ac68e3676",
    "fields": {
      "created": "1999-04-11T19:35:34.990Z",
      "modified": "2020-11-16T16:12:20.371Z",
      "is_removed": false,
      "division": 4,
      "user": null,
      "first_name": "Elizabeth",
      "last_name": "以利沙伯",
      "first_name2": null,
      "last_name2": null,
      "gender": "FEMALE",
      "actual_birthday": null,
      "estimated_birthday": null,
      "deathday": null,
      "photo": "",
      "infos": {
        "fixed": {
          "mobility": 2
        },
        "names": {
          "original": "Elizabeth 以利沙伯"
        },
        "contacts": {
          "email1": null,
          "email2": null,
          "phone1": null,
          "phone2": null
        },
        "schedulers": {},
        "emergency_contacts": {},
        "updating_attendees": {}
      }
    }
  },
  {
    "model": "persons.attendee",
    "pk": "3833d04e-0897-45da-abf6-7d750f0baee7",
    "fields": {
      "created": "1999-04-11T19:34:37.600Z",
      "modified": "2021-10-22T15:25:28.948Z",
      "is_removed": false,
      "division": 2,
      "user": null,
      "first_name": "Abigail",
      "last_name": "",
      "first_name2": "亞比該",
      "last_name2": "",
      "gender": "FEMALE",
      "actual_birthday": null,
      "estimated_birthday": null,
      "deathday": null,
      "photo": "",
      "infos": {
        "fixed": {
          "mobility": 2
        },
        "names": {
          "nick": "老姊",
          "original": "Abigail 亞比該",
          "simplified": "Abigail 亚比该",
          "traditional": "Abigail 亞比該",
          "romanization": "Abigail Ya Bi Gai "
        },
        "contacts": {},
        "schedulers": {},
        "emergency_contacts": {},
        "updating_attendees": {}
      }
    }
  },
  {
    "model": "persons.attendee",
    "pk": "44e894a1-1190-4916-992a-b5eb41b35b16",
    "fields": {
      "created": "1999-04-11T19:35:12.234Z",
      "modified": "2021-10-22T15:25:58.218Z",
      "is_removed": false,
      "division": 1,
      "user": null,
      "first_name": "Deborah",
      "last_name": "",
      "first_name2": "底波拉",
      "last_name2": "",
      "gender": "FEMALE",
      "actual_birthday": null,
      "estimated_birthday": null,
      "deathday": null,
      "photo": "",
      "infos": {
        "fixed": {
          "mobility": 2
        },
        "names": {
          "nick": "戰神么么",
          "original": "Deborah 底波拉",
          "simplified": "Deborah 底波拉",
          "traditional": "Deborah 底波拉",
          "romanization": "Deborah Di Bo La "
        },
        "contacts": {},
        "schedulers": {},
        "emergency_contacts": {},
        "updating_attendees": {}
      }
    }
  },
  {
    "model": "persons.attendee",
    "pk": "55ee6cde-b6ce-4551-b531-89507cee6ae1",
    "fields": {
      "created": "1999-11-16T04:02:53.691Z",
      "modified": "2021-10-22T15:26:24.178Z",
      "is_removed": false,
      "division": 3,
      "user": null,
      "first_name": "Esau",
      "last_name": "",
      "first_name2": "以掃",
      "last_name2": "",
      "gender": "MALE",
      "actual_birthday": null,
      "estimated_birthday": null,
      "deathday": null,
      "photo": "",
      "infos": {
        "fixed": {
          "mobility": 2
        },
        "names": {
          "original": "Esau 以掃",
          "simplified": "Esau 以扫",
          "traditional": "Esau 以掃",
          "romanization": "Esau Yi Sao "
        },
        "contacts": {},
        "schedulers": {},
        "emergency_contacts": {},
        "updating_attendees": {}
      }
    }
  },
  {
    "model": "persons.attendee",
    "pk": "786a9d44-379f-4671-9004-5b3d0bd0227b",
    "fields": {
      "created": "1999-05-10T01:02:35.482Z",
      "modified": "2021-10-22T15:26:42.273Z",
      "is_removed": false,
      "division": 1,
      "user": null,
      "first_name": "Chileab",
      "last_name": "",
      "first_name2": "基利押",
      "last_name2": "",
      "gender": "MALE",
      "actual_birthday": null,
      "estimated_birthday": null,
      "deathday": null,
      "photo": "",
      "infos": {
        "fixed": {
          "mobility": 2
        },
        "names": {
          "original": "Chileab 基利押",
          "simplified": "Chileab 基利押",
          "traditional": "Chileab 基利押",
          "romanization": "Chileab Ji Li Ya "
        },
        "contacts": {},
        "schedulers": {},
        "emergency_contacts": {},
        "updating_attendees": {}
      }
    }
  },
  {
    "model": "persons.attendee",
    "pk": "80f2e82f-0a72-49ea-b3e2-3fc892c49599",
    "fields": {
      "created": "1999-04-11T19:33:26.486Z",
      "modified": "2021-10-22T15:27:02.762Z",
      "is_removed": false,
      "division": 3,
      "user": null,
      "first_name": "Ishmael",
      "last_name": "",
      "first_name2": "以實瑪利",
      "last_name2": "",
      "gender": "MALE",
      "actual_birthday": null,
      "estimated_birthday": "2010-02-04",
      "deathday": null,
      "photo": "",
      "infos": {
        "fixed": {
          "grade": 2,
          "mobility": 3,
          "food_pref": "peanut allergy"
        },
        "names": {
          "nick": "大寶",
          "original": "Ishmael 以實瑪利",
          "simplified": "Ishmael 以实玛利",
          "traditional": "Ishmael 以實瑪利",
          "romanization": "Ishmael Yi Shi Ma Li "
        },
        "contacts": {},
        "schedulers": {
          "22c29cd5-a5ab-46a3-afe6-d5a600c33fc9": true,
          "a48e4375-1a64-4c4f-beb3-8f088bf77340": false
        },
        "emergency_contacts": {
          "22c29cd5-a5ab-46a3-afe6-d5a600c33fc9": true,
          "a48e4375-1a64-4c4f-beb3-8f088bf77340": false,
          "aa24758f-cc70-4353-b1d7-9c616b3db425": true
        },
        "updating_attendees": {}
      }
    }
  },
  {
    "model": "persons.attendee",
    "pk": "8b3b2130-9ec4-469b-9b64-efef141fceee",
    "fields": {
      "created": "1999-11-16T02:06:06.493Z",
      "modified": "2021-10-22T15:27:23.507Z",
      "is_removed": false,
      "division": 1,
      "user": null,
      "first_name": "Rebecca",
      "last_name": "",
      "first_name2": "利百加",
      "last_name2": "",
      "gender": "FEMALE",
      "actual_birthday": null,
      "estimated_birthday": null,
      "deathday": null,
      "photo": "",
      "infos": {
        "fixed": {
          "mobility": 2
        },
        "names": {
          "original": "Rebecca 利百加",
          "simplified": "Rebecca 利百加",
          "traditional": "Rebecca 利百加",
          "romanization": "Rebecca Li Bai Jia "
        },
        "contacts": {},
        "schedulers": {},
        "emergency_contacts": {},
        "updating_attendees": {}
      }
    }
  },
  {
    "model": "persons.attendee",
    "pk": "97922785-9025-40ad-9a5f-a9545f884644",
    "fields": {
      "created": "1999-05-10T01:00:09.119Z",
      "modified": "2021-10-22T15:27:39.124Z",
      "is_removed": false,
      "division": 6,
      "user": null,
      "first_name": "Nabal",
      "last_name": "",
      "first_name2": "拿八",
      "last_name2": "",
      "gender": "MALE",
      "actual_birthday": null,
      "estimated_birthday": null,
      "deathday": null,
      "photo": "",
      "infos": {
        "fixed": {
          "mobility": 2
        },
        "names": {
          "original": "Nabal 拿八",
          "simplified": "Nabal 拿八",
          "traditional": "Nabal 拿八",
          "romanization": "Nabal Na Ba "
        },
        "contacts": {},
        "schedulers": {},
        "emergency_contacts": {},
        "updating_attendees": {}
      }
    }
  },
  {
    "model": "persons.attendee",
    "pk": "a48e4375-1a64-4c4f-beb3-8f088bf77340",
    "fields": {
      "created": "1999-04-11T19:31:50.659Z",
      "modified": "2021-10-22T15:28:28.385Z",
      "is_removed": false,
      "division": 1,
      "user": 1,
      "first_name": "superuser",
      "last_name": "system admin",
      "first_name2": "管理員",
      "last_name2": "超級使用者",
      "gender": "MALE",
      "actual_birthday": "1980-01-01",
      "estimated_birthday": null,
      "deathday": null,
      "photo": "",
      "infos": {
        "fixed": {
          "mobility": 2,
          "food_pref": "BBQ",
          "test_long_text": "aaaaaaaaaaaaaaaaaaaaaaaaaaaaaaaaaaaaaaaaaaaaaaaaaaaaaaaaaaaaaaaaaaaaaaaaaaaaaaaaaaaaaaaaaaaaaaaaaaaaaaaaaaaaaaaaaaaaaaaaaaaaaaaaaaaaaaaaaaaaaaaaaaaaaaaaaaaaaaaaaaaaaaaaaaaaaaaaaaaaaaaaaaaaaaaaaaaaaaaaaaaaaaaaaaaaaaaaaaaaaaaaaaaaaaaaaaaaaaaaaaaaaaaaaaaaaaaaaaaaaaaaaaaaaaaaaaaaaaaaaaaaaaaaaaaaaaaaaaaaaaaaaaaaaaaaaaaaaaaaaaaaaaaaaaaaaaaaaaaaaaaaaaaaaaaaaaaaaaaaaaaaaaaaaaaaaaaaaaaaaaaaaaaaaaaaaaaaaaaaaaaaaaaaaaaaaaaaaaaaaaaaaaaaaaaaaaaaaaaaaaaaaaaaaaaaaaaaaaaaaaaaaaaaaaaaaaaaaaaaaaaaaaaaaaaaaaaaaaaaaaaaaaaaaaaaaaaaaaaaaaaaaaaaaaaaaaaaaaaaaaaaaaaaaaaaaaaaaaaaaaaaaaaaaa"
        },
        "names": {
          "nick": "root",
          "original": "superuser system admin 超級使用者管理員",
          "simplified": "superuser system admin 超级使用者管理员",
          "traditional": "superuser system admin 超級使用者管理員",
          "romanization": "superuser system admin Chao Ji Shi Yong Zhe Guan Li Yuan "
        },
        "contacts": {
          "email1": "5greata@email.com",
          "email2": "5greatb@email.com",
          "phone1": "+15555555555",
          "phone2": "+6555555555"
        },
        "schedulers": {},
        "emergency_contacts": {},
        "updating_attendees": {}
      }
    }
  },
  {
    "model": "persons.attendee",
    "pk": "aa24758f-cc70-4353-b1d7-9c616b3db425",
    "fields": {
      "created": "1999-04-11T19:38:16.323Z",
      "modified": "2021-10-22T15:28:56.077Z",
      "is_removed": false,
      "division": 1,
      "user": null,
      "first_name": "Abraham",
      "last_name": "",
      "first_name2": "亞伯拉罕",
      "last_name2": "",
      "gender": "MALE",
      "actual_birthday": null,
      "estimated_birthday": null,
      "deathday": null,
      "photo": "",
      "infos": {
        "fixed": {
          "mobility": 2
        },
        "names": {
          "nick": "",
          "original": "Abraham 亞伯拉罕",
          "simplified": "Abraham 亚伯拉罕",
          "traditional": "Abraham 亞伯拉罕",
          "romanization": "Abraham Ya Bo La Han"
        },
        "contacts": {
          "email1": "6coola@email.com",
          "email2": "6coolb@email.com",
          "phone1": "+886222222222",
          "phone2": "+86666666666",
          "phone3": "+8666666666"
        },
        "schedulers": {},
        "emergency_contacts": {},
        "updating_attendees": {}
      }
    }
  },
  {
    "model": "persons.attendee",
    "pk": "be687517-d7bf-407a-8088-e3ed64ca62b8",
    "fields": {
      "created": "1999-11-16T02:06:58.862Z",
      "modified": "2021-10-22T15:29:18.343Z",
      "is_removed": false,
      "division": 3,
      "user": null,
      "first_name": "James",
      "last_name": "",
      "first_name2": "雅各",
      "last_name2": "",
      "gender": "MALE",
      "actual_birthday": null,
      "estimated_birthday": null,
      "deathday": null,
      "photo": "",
      "infos": {
        "fixed": {
          "mobility": 2
        },
        "names": {
          "original": "James 雅各",
          "simplified": "James 雅各",
          "traditional": "James 雅各",
          "romanization": "James Ya Ge "
        },
        "contacts": {},
        "schedulers": {},
        "emergency_contacts": {},
        "updating_attendees": {}
      }
    }
  },
  {
    "model": "persons.attendee",
    "pk": "d7e6ec14-302e-46a3-9f32-537d1fc0256b",
    "fields": {
      "created": "1999-04-11T19:37:45.378Z",
      "modified": "2021-10-22T15:29:43.443Z",
      "is_removed": false,
      "division": 3,
      "user": null,
      "first_name": "Lydia",
      "last_name": "",
      "first_name2": "呂底亞",
      "last_name2": "",
      "gender": "FEMALE",
      "actual_birthday": null,
      "estimated_birthday": null,
      "deathday": null,
      "photo": "",
      "infos": {
        "fixed": {
          "mobility": 2
        },
        "names": {
          "nick": "推雅推喇的呂底亞",
          "original": "Lydia 呂底亞",
          "simplified": "Lydia 吕底亚",
          "traditional": "Lydia 呂底亞",
          "romanization": "Lydia Lu Di Ya "
        },
        "contacts": {},
        "schedulers": {},
        "emergency_contacts": {},
        "updating_attendees": {}
      }
    }
  },
  {
    "model": "persons.attendee",
    "pk": "e8c025ec-9ea2-4d61-8df3-9daeecbfb849",
    "fields": {
      "created": "1999-04-11T19:34:03.252Z",
      "modified": "2021-10-22T15:30:15.077Z",
      "is_removed": false,
      "division": 3,
      "user": null,
      "first_name": "John",
      "last_name": "",
      "first_name2": "約翰",
      "last_name2": "",
      "gender": "MALE",
      "actual_birthday": null,
      "estimated_birthday": null,
      "deathday": null,
      "photo": "",
      "infos": {
        "fixed": {
          "mobility": 2
        },
        "names": {
          "nick": "使徒約翰",
          "original": "John 約翰",
          "simplified": "John 约翰",
          "traditional": "John 約翰",
          "romanization": "John Yue Han "
        },
        "contacts": {},
        "schedulers": {},
        "emergency_contacts": {},
        "updating_attendees": {}
      }
    }
  },
  {
    "model": "persons.attendee",
    "pk": "f3b780ad-c736-490e-8731-58b96dfd81f8",
    "fields": {
      "created": "1999-04-11T19:38:00.844Z",
      "modified": "2021-10-22T15:30:35.889Z",
      "is_removed": false,
      "division": 1,
      "user": null,
      "first_name": "Isaac",
      "last_name": "",
      "first_name2": "以撒",
      "last_name2": "",
      "gender": "MALE",
      "actual_birthday": null,
      "estimated_birthday": null,
      "deathday": null,
      "photo": "",
      "infos": {
        "fixed": {
          "mobility": 2
        },
        "names": {
          "original": "Isaac 以撒",
          "simplified": "Isaac 以撒",
          "traditional": "Isaac 以撒",
          "romanization": "Isaac Yi Sa "
        },
        "contacts": {
          "email1": "7coola@email.com",
          "email2": "7coolb@email.com",
          "phone1": "+60123456789",
          "phone2": "+85212345678"
        },
        "schedulers": {},
        "emergency_contacts": {},
        "updating_attendees": {}
      }
    }
  },
  {
    "model": "persons.attendee",
    "pk": "fa61941f-79a4-423e-872c-0bb9662e4351",
    "fields": {
      "created": "1999-04-11T19:36:42.735Z",
      "modified": "2021-10-22T15:30:57.300Z",
      "is_removed": false,
      "division": 2,
      "user": null,
      "first_name": "Esther",
      "last_name": "",
      "first_name2": "以斯帖",
      "last_name2": "",
      "gender": "FEMALE",
      "actual_birthday": null,
      "estimated_birthday": null,
      "deathday": null,
      "photo": "",
      "infos": {
        "fixed": {
          "mobility": 2
        },
        "names": {
          "nick": "皇后",
          "original": "Esther 以斯帖",
          "simplified": "Esther 以斯帖",
          "traditional": "Esther 以斯帖",
          "romanization": "Esther Yi Si Tie "
        },
        "contacts": {},
        "schedulers": {},
        "emergency_contacts": {},
        "updating_attendees": {}
      }
    }
  },
  {
    "model": "persons.attendee",
    "pk": "ffd3881a-7a77-437a-ba11-c90610839523",
    "fields": {
      "created": "1999-04-11T19:38:35.150Z",
      "modified": "2021-10-22T15:31:20.648Z",
      "is_removed": false,
      "division": 1,
      "user": null,
      "first_name": "Sarah",
      "last_name": "",
      "first_name2": "撒拉",
      "last_name2": "",
      "gender": "FEMALE",
      "actual_birthday": null,
      "estimated_birthday": null,
      "deathday": null,
      "photo": "",
      "infos": {
        "fixed": {
          "mobility": 2
        },
        "names": {
          "original": "Sarah 撒拉",
          "simplified": "Sarah 撒拉",
          "traditional": "Sarah 撒拉",
          "romanization": "Sarah Sa La "
        },
        "contacts": {
          "email1": "8coola@email.com",
          "email2": "8coolb@email.com",
          "phone1": "+18888888888",
          "phone2": "+28888888888"
        },
        "schedulers": {},
        "emergency_contacts": {},
        "updating_attendees": {}
      }
    }
  },
  {
    "model": "persons.folkattendee",
    "pk": 1,
    "fields": {
      "created": "1999-05-02T21:17:26.404Z",
      "modified": "2020-11-16T04:15:07.315Z",
      "is_removed": false,
      "folk": "ad4153c4-9a36-11ea-b554-dd12bf8b78b9",
      "attendee": "22c29cd5-a5ab-46a3-afe6-d5a600c33fc9",
      "role": 2,
      "display_order": 0,
      "start": null,
      "finish": null,
      "file": "",
      "infos": {
        "body": null,
        "comment": null,
        "show_secret": {},
        "updating_attendee": {}
      }
    }
  },
  {
    "model": "persons.folkattendee",
    "pk": 2,
    "fields": {
      "created": "1999-05-02T21:17:26.405Z",
      "modified": "2020-05-02T21:17:26.405Z",
      "is_removed": false,
      "folk": "ad4153c4-9a36-11ea-b554-dd12bf8b78b9",
      "attendee": "80f2e82f-0a72-49ea-b3e2-3fc892c49599",
      "role": 3,
      "display_order": 2,
      "start": null,
      "finish": null,
      "file": "",
      "infos": {
        "body": null,
        "comment": null,
        "show_secret": {},
        "updating_attendee": {}
      }
    }
  },
  {
    "model": "persons.folkattendee",
    "pk": 3,
    "fields": {
      "created": "1999-05-02T21:40:25.188Z",
      "modified": "2020-11-16T04:15:07.314Z",
      "is_removed": false,
      "folk": "ad4153c4-9a36-11ea-b554-dd12bf8b78b9",
      "attendee": "aa24758f-cc70-4353-b1d7-9c616b3db425",
      "role": 1,
      "display_order": 1,
      "start": null,
      "finish": null,
      "file": "",
      "infos": {
        "body": null,
        "comment": null,
        "show_secret": {},
        "updating_attendee": {}
      }
    }
  },
  {
    "model": "persons.folkattendee",
    "pk": 4,
    "fields": {
      "created": "1999-05-02T22:02:57.464Z",
      "modified": "2020-05-02T22:02:57.464Z",
      "is_removed": false,
      "folk": "10ef8af8-9a37-11ea-b554-dd12bf8b78b9",
      "attendee": "aa24758f-cc70-4353-b1d7-9c616b3db425",
      "role": 1,
      "display_order": 0,
      "start": null,
      "finish": null,
      "file": "",
      "infos": {
        "body": null,
        "comment": null,
        "show_secret": {},
        "updating_attendee": {}
      }
    }
  },
  {
    "model": "persons.folkattendee",
    "pk": 5,
    "fields": {
      "created": "1999-05-02T22:02:57.465Z",
      "modified": "2020-05-02T22:02:57.465Z",
      "is_removed": false,
      "folk": "10ef8af8-9a37-11ea-b554-dd12bf8b78b9",
      "attendee": "ffd3881a-7a77-437a-ba11-c90610839523",
      "role": 2,
      "display_order": 1,
      "start": null,
      "finish": null,
      "file": "",
      "infos": {
        "body": null,
        "comment": null,
        "show_secret": {},
        "updating_attendee": {}
      }
    }
  },
  {
    "model": "persons.folkattendee",
    "pk": 6,
    "fields": {
      "created": "1999-05-02T22:02:57.465Z",
      "modified": "2020-05-02T22:02:57.465Z",
      "is_removed": false,
      "folk": "10ef8af8-9a37-11ea-b554-dd12bf8b78b9",
      "attendee": "f3b780ad-c736-490e-8731-58b96dfd81f8",
      "role": 3,
      "display_order": 2,
      "start": null,
      "finish": null,
      "file": "",
      "infos": {
        "body": null,
        "comment": null,
        "show_secret": {},
        "updating_attendee": {}
      }
    }
  },
  {
    "model": "persons.folkattendee",
    "pk": 7,
    "fields": {
      "created": "1999-11-16T04:14:12.375Z",
      "modified": "2020-11-16T04:14:12.375Z",
      "is_removed": false,
      "folk": "2d8cbe28-c658-4896-9a9a-caafb1c2b72f",
      "attendee": "f3b780ad-c736-490e-8731-58b96dfd81f8",
      "role": 5,
      "display_order": 0,
      "start": null,
      "finish": null,
      "file": "",
      "infos": {
        "body": null,
        "comment": null,
        "show_secret": {},
        "updating_attendee": {}
      }
    }
  },
  {
    "model": "persons.folkattendee",
    "pk": 8,
    "fields": {
      "created": "1999-11-16T04:14:12.375Z",
      "modified": "2020-11-16T04:14:12.375Z",
      "is_removed": false,
      "folk": "2d8cbe28-c658-4896-9a9a-caafb1c2b72f",
      "attendee": "8b3b2130-9ec4-469b-9b64-efef141fceee",
      "role": 6,
      "display_order": 1,
      "start": null,
      "finish": null,
      "file": "",
      "infos": {
        "body": null,
        "comment": null,
        "show_secret": {},
        "updating_attendee": {}
      }
    }
  },
  {
    "model": "persons.folkattendee",
    "pk": 9,
    "fields": {
      "created": "1999-11-16T04:14:12.376Z",
      "modified": "2020-11-16T04:15:45.124Z",
      "is_removed": false,
      "folk": "2d8cbe28-c658-4896-9a9a-caafb1c2b72f",
      "attendee": "55ee6cde-b6ce-4551-b531-89507cee6ae1",
      "role": 3,
      "display_order": 2,
      "start": null,
      "finish": null,
      "file": "",
      "infos": {
        "body": null,
        "comment": null,
        "show_secret": {},
        "updating_attendee": {}
      }
    }
  },
  {
    "model": "persons.folkattendee",
    "pk": 10,
    "fields": {
      "created": "1999-11-16T04:14:12.376Z",
      "modified": "2020-11-16T04:15:45.123Z",
      "is_removed": false,
      "folk": "2d8cbe28-c658-4896-9a9a-caafb1c2b72f",
      "attendee": "be687517-d7bf-407a-8088-e3ed64ca62b8",
      "role": 3,
      "display_order": 3,
      "start": null,
      "finish": null,
      "file": "",
      "infos": {
        "body": null,
        "comment": null,
        "show_secret": {},
        "updating_attendee": {}
      }
    }
  },
  {
    "model": "persons.folkattendee",
    "pk": 11,
    "fields": {
      "created": "1999-11-16T04:14:46.578Z",
      "modified": "2020-11-16T04:14:46.578Z",
      "is_removed": false,
      "folk": "249335f0-9a37-11ea-b554-dd12bf8b78b9",
      "attendee": "0498c414-abd3-4173-add1-5e42053760e4",
      "role": 5,
      "display_order": 0,
      "start": null,
      "finish": null,
      "file": "",
      "infos": {
        "body": null,
        "comment": null,
        "show_secret": {},
        "updating_attendee": {}
      }
    }
  },
  {
    "model": "persons.folkattendee",
    "pk": 12,
    "fields": {
      "created": "1999-11-16T04:14:46.579Z",
      "modified": "2020-11-16T04:14:46.579Z",
      "is_removed": false,
      "folk": "249335f0-9a37-11ea-b554-dd12bf8b78b9",
      "attendee": "3833d04e-0897-45da-abf6-7d750f0baee7",
      "role": 6,
      "display_order": 1,
      "start": null,
      "finish": null,
      "file": "",
      "infos": {
        "body": null,
        "comment": null,
        "show_secret": {},
        "updating_attendee": {}
      }
    }
  },
  {
    "model": "persons.folkattendee",
    "pk": 13,
    "fields": {
      "created": "2021-11-29T17:35:27.422Z",
      "modified": "2021-11-29T17:36:46.945Z",
      "is_removed": false,
      "folk": "9a9dbbb5-8de5-4769-b3ff-a3861fe99785",
      "attendee": "3833d04e-0897-45da-abf6-7d750f0baee7",
      "role": 0,
      "display_order": 30000,
      "start": null,
      "finish": null,
      "file": "",
      "infos": {
        "body": null,
        "comment": null,
        "show_secret": {},
        "updating_attendees": {}
      }
    }
  },
  {
    "model": "persons.folkattendee",
    "pk": 14,
    "fields": {
      "created": "2021-11-29T17:36:46.956Z",
      "modified": "2021-11-29T17:36:46.956Z",
      "is_removed": false,
      "folk": "346ca998-37f6-4e6f-a220-25ff14c2ae9b",
      "attendee": "aa24758f-cc70-4353-b1d7-9c616b3db425",
      "role": 0,
      "display_order": 30000,
      "start": null,
      "finish": null,
      "file": "",
      "infos": {
        "body": null,
        "comment": null,
        "show_secret": {},
        "updating_attendees": {}
      }
    }
  },
  {
    "model": "persons.folkattendee",
    "pk": 15,
    "fields": {
      "created": "2021-11-29T17:36:46.967Z",
      "modified": "2021-11-29T17:36:46.967Z",
      "is_removed": false,
      "folk": "86519bdf-fdd3-41b5-8adb-db9b259ce365",
      "attendee": "786a9d44-379f-4671-9004-5b3d0bd0227b",
      "role": 0,
      "display_order": 30000,
      "start": null,
      "finish": null,
      "file": "",
      "infos": {
        "body": null,
        "comment": null,
        "show_secret": {},
        "updating_attendees": {}
      }
    }
  },
  {
    "model": "persons.folkattendee",
    "pk": 16,
    "fields": {
      "created": "2021-11-29T17:36:46.979Z",
      "modified": "2021-11-29T17:36:46.979Z",
      "is_removed": false,
      "folk": "4b104933-38f2-41ab-a653-285a81974ed3",
      "attendee": "0498c414-abd3-4173-add1-5e42053760e4",
      "role": 0,
      "display_order": 30000,
      "start": null,
      "finish": null,
      "file": "",
      "infos": {
        "body": null,
        "comment": null,
        "show_secret": {},
        "updating_attendees": {}
      }
    }
  },
  {
    "model": "persons.folkattendee",
    "pk": 17,
    "fields": {
      "created": "2021-11-29T17:36:46.990Z",
      "modified": "2021-11-29T17:36:46.990Z",
      "is_removed": false,
      "folk": "2e1d302a-196f-4a2b-a736-21c49561e487",
      "attendee": "44e894a1-1190-4916-992a-b5eb41b35b16",
      "role": 0,
      "display_order": 30000,
      "start": null,
      "finish": null,
      "file": "",
      "infos": {
        "body": null,
        "comment": null,
        "show_secret": {},
        "updating_attendees": {}
      }
    }
  },
  {
    "model": "persons.folkattendee",
    "pk": 18,
    "fields": {
      "created": "2021-11-29T17:36:47Z",
      "modified": "2021-11-29T17:36:47Z",
      "is_removed": false,
      "folk": "1602bae5-45a8-465e-b637-5ed37b92d4ea",
      "attendee": "55ee6cde-b6ce-4551-b531-89507cee6ae1",
      "role": 0,
      "display_order": 30000,
      "start": null,
      "finish": null,
      "file": "",
      "infos": {
        "body": null,
        "comment": null,
        "show_secret": {},
        "updating_attendees": {}
      }
    }
  },
  {
    "model": "persons.folkattendee",
    "pk": 19,
    "fields": {
      "created": "2021-11-29T17:36:47.009Z",
      "modified": "2021-11-29T17:36:47.009Z",
      "is_removed": false,
      "folk": "1ac2870f-9822-49e1-96da-ac672a48e5f7",
      "attendee": "fa61941f-79a4-423e-872c-0bb9662e4351",
      "role": 0,
      "display_order": 30000,
      "start": null,
      "finish": null,
      "file": "",
      "infos": {
        "body": null,
        "comment": null,
        "show_secret": {},
        "updating_attendees": {}
      }
    }
  },
  {
    "model": "persons.folkattendee",
    "pk": 20,
    "fields": {
      "created": "2021-11-29T17:36:47.018Z",
      "modified": "2021-11-29T17:36:47.018Z",
      "is_removed": false,
      "folk": "c006f407-cdd3-435c-ba0f-ca79e3f96827",
      "attendee": "22c29cd5-a5ab-46a3-afe6-d5a600c33fc9",
      "role": 0,
      "display_order": 30000,
      "start": null,
      "finish": null,
      "file": "",
      "infos": {
        "body": null,
        "comment": null,
        "show_secret": {},
        "updating_attendees": {}
      }
    }
  },
  {
    "model": "persons.folkattendee",
    "pk": 21,
    "fields": {
      "created": "2021-11-29T17:36:47.027Z",
      "modified": "2021-11-29T17:36:47.027Z",
      "is_removed": false,
      "folk": "38d27638-e9b6-4e64-ad69-ce6eb3f724fa",
      "attendee": "f3b780ad-c736-490e-8731-58b96dfd81f8",
      "role": 0,
      "display_order": 30000,
      "start": null,
      "finish": null,
      "file": "",
      "infos": {
        "body": null,
        "comment": null,
        "show_secret": {},
        "updating_attendees": {}
      }
    }
  },
  {
    "model": "persons.folkattendee",
    "pk": 22,
    "fields": {
      "created": "2021-11-29T17:36:47.034Z",
      "modified": "2021-11-29T17:36:47.034Z",
      "is_removed": false,
      "folk": "fe40e456-a65e-4617-ae02-d20ad5b19b12",
      "attendee": "80f2e82f-0a72-49ea-b3e2-3fc892c49599",
      "role": 0,
      "display_order": 30000,
      "start": null,
      "finish": null,
      "file": "",
      "infos": {
        "body": null,
        "comment": null,
        "show_secret": {},
        "updating_attendees": {}
      }
    }
  },
  {
    "model": "persons.folkattendee",
    "pk": 23,
    "fields": {
      "created": "2021-11-29T17:36:47.041Z",
      "modified": "2021-11-29T17:36:47.041Z",
      "is_removed": false,
      "folk": "25779050-aed0-42c7-b189-cf08f5b80639",
      "attendee": "be687517-d7bf-407a-8088-e3ed64ca62b8",
      "role": 0,
      "display_order": 30000,
      "start": null,
      "finish": null,
      "file": "",
      "infos": {
        "body": null,
        "comment": null,
        "show_secret": {},
        "updating_attendees": {}
      }
    }
  },
  {
    "model": "persons.folkattendee",
    "pk": 24,
    "fields": {
      "created": "2021-11-29T17:36:47.049Z",
      "modified": "2021-11-29T17:36:47.049Z",
      "is_removed": false,
      "folk": "185ef13f-a794-4429-9b29-8062ab3f204e",
      "attendee": "e8c025ec-9ea2-4d61-8df3-9daeecbfb849",
      "role": 0,
      "display_order": 30000,
      "start": null,
      "finish": null,
      "file": "",
      "infos": {
        "body": null,
        "comment": null,
        "show_secret": {},
        "updating_attendees": {}
      }
    }
  },
  {
    "model": "persons.folkattendee",
    "pk": 25,
    "fields": {
      "created": "2021-11-29T17:36:47.056Z",
      "modified": "2021-11-29T17:36:47.056Z",
      "is_removed": false,
      "folk": "be5cff4a-034c-441d-a714-9d21e7f4ffdb",
      "attendee": "d7e6ec14-302e-46a3-9f32-537d1fc0256b",
      "role": 0,
      "display_order": 30000,
      "start": null,
      "finish": null,
      "file": "",
      "infos": {
        "body": null,
        "comment": null,
        "show_secret": {},
        "updating_attendees": {}
      }
    }
  },
  {
    "model": "persons.folkattendee",
    "pk": 26,
    "fields": {
      "created": "2021-11-29T17:36:47.063Z",
      "modified": "2021-11-29T17:36:47.063Z",
      "is_removed": false,
      "folk": "e5889be2-d451-409b-9679-d3493766bbb7",
      "attendee": "97922785-9025-40ad-9a5f-a9545f884644",
      "role": 0,
      "display_order": 30000,
      "start": null,
      "finish": null,
      "file": "",
      "infos": {
        "body": null,
        "comment": null,
        "show_secret": {},
        "updating_attendees": {}
      }
    }
  },
  {
    "model": "persons.folkattendee",
    "pk": 27,
    "fields": {
      "created": "2021-11-29T17:36:47.071Z",
      "modified": "2021-11-29T17:36:47.071Z",
      "is_removed": false,
      "folk": "c78c5a0b-aa3e-42f2-8fd4-f47b8a00cc73",
      "attendee": "8b3b2130-9ec4-469b-9b64-efef141fceee",
      "role": 0,
      "display_order": 30000,
      "start": null,
      "finish": null,
      "file": "",
      "infos": {
        "body": null,
        "comment": null,
        "show_secret": {},
        "updating_attendees": {}
      }
    }
  },
  {
    "model": "persons.folkattendee",
    "pk": 28,
    "fields": {
      "created": "2021-11-29T17:36:47.078Z",
      "modified": "2021-11-29T17:36:47.078Z",
      "is_removed": false,
      "folk": "40cb3b32-14ff-4eb1-bcdc-ede5a9e00985",
      "attendee": "3566e642-3624-42e3-9644-c54b08d8c6d6",
      "role": 0,
      "display_order": 30000,
      "start": null,
      "finish": null,
      "file": "",
      "infos": {
        "body": null,
        "comment": null,
        "show_secret": {},
        "updating_attendees": {}
      }
    }
  },
  {
    "model": "persons.folkattendee",
    "pk": 29,
    "fields": {
      "created": "2021-11-29T17:36:47.086Z",
      "modified": "2021-11-29T17:36:47.086Z",
      "is_removed": false,
      "folk": "09bdfd7b-b5bc-48ed-a02e-08efd662a144",
      "attendee": "ffd3881a-7a77-437a-ba11-c90610839523",
      "role": 0,
      "display_order": 30000,
      "start": null,
      "finish": null,
      "file": "",
      "infos": {
        "body": null,
        "comment": null,
        "show_secret": {},
        "updating_attendees": {}
      }
    }
  },
  {
    "model": "persons.folkattendee",
    "pk": 30,
    "fields": {
      "created": "2021-11-29T17:36:47.093Z",
      "modified": "2021-11-29T17:36:47.093Z",
      "is_removed": false,
      "folk": "f578ba14-344e-49e5-ba98-3713cd174f1a",
      "attendee": "a48e4375-1a64-4c4f-beb3-8f088bf77340",
      "role": 0,
      "display_order": 30000,
      "start": null,
      "finish": null,
      "file": "",
      "infos": {
        "body": null,
        "comment": null,
        "show_secret": {},
        "updating_attendees": {}
      }
    }
  },
  {
    "model": "persons.folkattendee",
    "pk": 31,
    "fields": {
      "created": "2021-11-29T17:36:47.101Z",
      "modified": "2021-11-29T17:36:47.101Z",
      "is_removed": false,
      "folk": "5960406e-d291-4ce0-b830-0abb330d3f8f",
      "attendee": "37ba5cc7-c7a7-419f-833f-915ac68e3676",
      "role": 0,
      "display_order": 30000,
      "start": null,
      "finish": null,
      "file": "",
      "infos": {
        "body": null,
        "comment": null,
        "show_secret": {},
        "updating_attendees": {}
      }
    }
  },
  {
    "model": "persons.relation",
    "pk": -1,
    "fields": {
      "created": "2020-04-30T15:14:56.581Z",
      "modified": "2020-04-30T15:33:25.085Z",
      "is_removed": false,
      "gender": "UNSPECIFIED",
      "reciprocal_ids": "[]",
      "title": "masked",
      "display_order": -1,
      "emergency_contact": true,
      "scheduler": true,
      "relative": true,
      "consanguinity": true
    }
  },
  {
    "model": "persons.relation",
    "pk": 0,
    "fields": {
      "created": "2020-04-30T15:14:56.581Z",
      "modified": "2020-04-30T15:33:25.085Z",
      "is_removed": false,
      "gender": "UNSPECIFIED",
      "reciprocal_ids": "[]",
      "title": "hidden",
      "display_order": 0,
      "emergency_contact": true,
      "scheduler": true,
      "relative": true,
      "consanguinity": true
    }
  },
  {
    "model": "persons.relation",
    "pk": 1,
    "fields": {
      "created": "2020-04-30T15:12:17.523Z",
      "modified": "2020-04-30T15:33:34.840Z",
      "is_removed": false,
      "gender": "MALE",
      "reciprocal_ids": "[\"3\", \"4\", \"27\"]",
      "title": "father",
      "display_order": 20,
      "emergency_contact": true,
      "scheduler": true,
      "relative": true,
      "consanguinity": true
    }
  },
  {
    "model": "persons.relation",
    "pk": 2,
    "fields": {
      "created": "2020-04-30T15:12:27.483Z",
      "modified": "2020-04-30T15:33:38.691Z",
      "is_removed": false,
      "gender": "FEMALE",
      "reciprocal_ids": "[\"3\", \"4\", \"27\"]",
      "title": "mother",
      "display_order": 21,
      "emergency_contact": true,
      "scheduler": true,
      "relative": true,
      "consanguinity": true
    }
  },
  {
    "model": "persons.relation",
    "pk": 3,
    "fields": {
      "created": "2020-04-30T15:14:23.159Z",
      "modified": "2020-04-30T15:33:29.864Z",
      "is_removed": false,
      "gender": "MALE",
      "reciprocal_ids": "[\"1\", \"2\", \"30\"]",
      "title": "son",
      "display_order": 25,
      "emergency_contact": true,
      "scheduler": false,
      "relative": true,
      "consanguinity": true
    }
  },
  {
    "model": "persons.relation",
    "pk": 4,
    "fields": {
      "created": "2020-04-30T15:14:56.581Z",
      "modified": "2020-04-30T15:33:25.085Z",
      "is_removed": false,
      "gender": "FEMALE",
      "reciprocal_ids": "[\"1\", \"2\", \"30\"]",
      "title": "daughter",
      "display_order": 26,
      "emergency_contact": true,
      "scheduler": false,
      "relative": true,
      "consanguinity": true
    }
  },
  {
    "model": "persons.relation",
    "pk": 5,
    "fields": {
      "created": "2020-04-30T15:17:25.663Z",
      "modified": "2020-04-30T15:33:50.289Z",
      "is_removed": false,
      "gender": "MALE",
      "reciprocal_ids": "[\"6\", \"14\"]",
      "title": "husband",
      "display_order": 1,
      "emergency_contact": true,
      "scheduler": true,
      "relative": true,
      "consanguinity": false
    }
  },
  {
    "model": "persons.relation",
    "pk": 6,
    "fields": {
      "created": "2020-04-30T15:17:34.726Z",
      "modified": "2020-04-30T15:33:53.125Z",
      "is_removed": false,
      "gender": "FEMALE",
      "reciprocal_ids": "[\"5\", \"14\"]",
      "title": "wife",
      "display_order": 2,
      "emergency_contact": true,
      "scheduler": true,
      "relative": true,
      "consanguinity": false
    }
  },
  {
    "model": "persons.relation",
    "pk": 7,
    "fields": {
      "created": "1999-04-30T15:18:03.143Z",
      "modified": "2020-04-30T15:31:56.243Z",
      "is_removed": false,
      "gender": "UNSPECIFIED",
      "reciprocal_ids": "[\"38\"]",
      "title": "driver",
      "display_order": 70,
      "emergency_contact": false,
      "scheduler": false,
      "relative": false,
      "consanguinity": false
    }
  },
  {
    "model": "persons.relation",
    "pk": 8,
    "fields": {
      "created": "2020-04-30T15:19:10.892Z",
      "modified": "2020-04-30T15:31:04.687Z",
      "is_removed": false,
      "gender": "MALE",
      "reciprocal_ids": "[\"8\", \"9\", \"29\"]",
      "title": "brother",
      "display_order": 50,
      "emergency_contact": false,
      "scheduler": false,
      "relative": true,
      "consanguinity": true
    }
  },
  {
    "model": "persons.relation",
    "pk": 9,
    "fields": {
      "created": "2020-04-30T15:19:23.116Z",
      "modified": "2020-04-30T15:31:10.149Z",
      "is_removed": false,
      "gender": "FEMALE",
      "reciprocal_ids": "[\"8\", \"9\", \"29\"]",
      "title": "sister",
      "display_order": 50,
      "emergency_contact": false,
      "scheduler": false,
      "relative": true,
      "consanguinity": true
    }
  },
  {
    "model": "persons.relation",
    "pk": 10,
    "fields": {
      "created": "2020-04-30T15:19:44.652Z",
      "modified": "2020-04-30T15:35:18.407Z",
      "is_removed": false,
      "gender": "MALE",
      "reciprocal_ids": "[\"10\", \"11\"]",
      "title": "half brother",
      "display_order": 90,
      "emergency_contact": false,
      "scheduler": false,
      "relative": true,
      "consanguinity": true
    }
  },
  {
    "model": "persons.relation",
    "pk": 11,
    "fields": {
      "created": "2020-04-30T15:20:39.321Z",
      "modified": "2020-04-30T15:35:26.556Z",
      "is_removed": false,
      "gender": "FEMALE",
      "reciprocal_ids": "[\"10\", \"11\"]",
      "title": "half sister",
      "display_order": 90,
      "emergency_contact": false,
      "scheduler": false,
      "relative": true,
      "consanguinity": true
    }
  },
  {
    "model": "persons.relation",
    "pk": 12,
    "fields": {
      "created": "2020-04-30T15:21:09.941Z",
      "modified": "2020-04-30T15:31:15.856Z",
      "is_removed": false,
      "gender": "UNSPECIFIED",
      "reciprocal_ids": "[\"13\"]",
      "title": "caregiver",
      "display_order": 500,
      "emergency_contact": true,
      "scheduler": true,
      "relative": false,
      "consanguinity": false
    }
  },
  {
    "model": "persons.relation",
    "pk": 13,
    "fields": {
      "created": "2020-04-30T15:21:30.911Z",
      "modified": "2020-04-30T15:34:29.408Z",
      "is_removed": false,
      "gender": "UNSPECIFIED",
      "reciprocal_ids": "[\"12\"]",
      "title": "care receiver",
      "display_order": 500,
      "emergency_contact": true,
      "scheduler": false,
      "relative": false,
      "consanguinity": false
    }
  },
  {
    "model": "persons.relation",
    "pk": 14,
    "fields": {
      "created": "2020-04-30T15:22:18.116Z",
      "modified": "2020-04-30T15:22:50.973Z",
      "is_removed": false,
      "gender": "UNSPECIFIED",
      "reciprocal_ids": "[\"14\"]",
      "title": "spouse",
      "display_order": 32766,
      "emergency_contact": true,
      "scheduler": true,
      "relative": true,
      "consanguinity": false
    }
  },
  {
    "model": "persons.relation",
    "pk": 15,
    "fields": {
      "created": "2020-04-30T15:23:18.056Z",
      "modified": "2020-04-30T15:31:28.784Z",
      "is_removed": false,
      "gender": "UNSPECIFIED",
      "reciprocal_ids": "[\"16\"]",
      "title": "guardian",
      "display_order": 30,
      "emergency_contact": true,
      "scheduler": true,
      "relative": true,
      "consanguinity": false
    }
  },
  {
    "model": "persons.relation",
    "pk": 16,
    "fields": {
      "created": "2020-04-30T15:24:01.575Z",
      "modified": "2020-04-30T15:31:34.793Z",
      "is_removed": false,
      "gender": "UNSPECIFIED",
      "reciprocal_ids": "[\"15\"]",
      "title": "ward",
      "display_order": 30,
      "emergency_contact": true,
      "scheduler": false,
      "relative": true,
      "consanguinity": false
    }
  },
  {
    "model": "persons.relation",
    "pk": 17,
    "fields": {
      "created": "2020-04-30T15:25:06.166Z",
      "modified": "2020-04-30T15:26:11.194Z",
      "is_removed": false,
      "gender": "UNSPECIFIED",
      "reciprocal_ids": "[\"17\"]",
      "title": "neighbor",
      "display_order": 30000,
      "emergency_contact": false,
      "scheduler": false,
      "relative": false,
      "consanguinity": false
    }
  },
  {
    "model": "persons.relation",
    "pk": 18,
    "fields": {
      "created": "2020-04-30T15:25:37.778Z",
      "modified": "2020-04-30T15:27:22.920Z",
      "is_removed": false,
      "gender": "UNSPECIFIED",
      "reciprocal_ids": "[\"18\"]",
      "title": "friend",
      "display_order": 10000,
      "emergency_contact": false,
      "scheduler": false,
      "relative": false,
      "consanguinity": false
    }
  },
  {
    "model": "persons.relation",
    "pk": 19,
    "fields": {
      "created": "2020-04-30T15:26:42.915Z",
      "modified": "2020-04-30T15:27:28.777Z",
      "is_removed": false,
      "gender": "UNSPECIFIED",
      "reciprocal_ids": "[\"20\"]",
      "title": "landlord",
      "display_order": 20000,
      "emergency_contact": false,
      "scheduler": false,
      "relative": false,
      "consanguinity": false
    }
  },
  {
    "model": "persons.relation",
    "pk": 20,
    "fields": {
      "created": "2020-04-30T15:27:03.875Z",
      "modified": "2020-04-30T15:27:33.859Z",
      "is_removed": false,
      "gender": "UNSPECIFIED",
      "reciprocal_ids": "[\"19\"]",
      "title": "tenant",
      "display_order": 20000,
      "emergency_contact": false,
      "scheduler": false,
      "relative": false,
      "consanguinity": false
    }
  },
  {
    "model": "persons.relation",
    "pk": 21,
    "fields": {
      "created": "2020-04-30T15:37:14.546Z",
      "modified": "2020-04-30T15:37:37.216Z",
      "is_removed": false,
      "gender": "FEMALE",
      "reciprocal_ids": "[\"21\", \"22\"]",
      "title": "mother-in-law",
      "display_order": 100,
      "emergency_contact": false,
      "scheduler": false,
      "relative": true,
      "consanguinity": false
    }
  },
  {
    "model": "persons.relation",
    "pk": 22,
    "fields": {
      "created": "2020-04-30T15:37:31.858Z",
      "modified": "2020-04-30T15:38:00.470Z",
      "is_removed": false,
      "gender": "MALE",
      "reciprocal_ids": "[\"21\", \"22\"]",
      "title": "father-in-law",
      "display_order": 100,
      "emergency_contact": false,
      "scheduler": false,
      "relative": true,
      "consanguinity": false
    }
  },
  {
    "model": "persons.relation",
    "pk": 23,
    "fields": {
      "created": "2020-04-30T15:40:07.396Z",
      "modified": "2020-04-30T15:40:33.674Z",
      "is_removed": false,
      "gender": "MALE",
      "reciprocal_ids": "[\"23\", \"24\"]",
      "title": "brother-in-law",
      "display_order": 200,
      "emergency_contact": false,
      "scheduler": false,
      "relative": true,
      "consanguinity": false
    }
  },
  {
    "model": "persons.relation",
    "pk": 24,
    "fields": {
      "created": "2020-04-30T15:40:15.038Z",
      "modified": "2020-04-30T15:40:24.959Z",
      "is_removed": false,
      "gender": "FEMALE",
      "reciprocal_ids": "[\"23\", \"24\"]",
      "title": "sister-in-law",
      "display_order": 200,
      "emergency_contact": false,
      "scheduler": false,
      "relative": true,
      "consanguinity": false
    }
  },
  {
    "model": "persons.relation",
    "pk": 25,
    "fields": {
      "created": "2020-04-30T15:40:15.038Z",
      "modified": "2020-04-30T15:41:24.959Z",
      "is_removed": false,
      "gender": "UNSPECIFIED",
      "reciprocal_ids": "[]",
      "title": "unspecified",
      "display_order": 32767,
      "emergency_contact": false,
      "scheduler": false,
      "relative": false,
      "consanguinity": false
    }
  },
  {
    "model": "persons.relation",
    "pk": 26,
    "fields": {
      "created": "2020-05-10T00:57:52.419Z",
      "modified": "2020-05-10T00:58:50.190Z",
      "is_removed": false,
      "gender": "UNSPECIFIED",
      "reciprocal_ids": "[\"26\"]",
      "title": "ex spouse",
      "display_order": 31000,
      "emergency_contact": false,
      "scheduler": false,
      "relative": false,
      "consanguinity": false
    }
  },
  {
    "model": "persons.relation",
    "pk": 27,
    "fields": {
      "created": "2020-04-30T15:14:56.581Z",
      "modified": "2020-04-30T15:33:25.085Z",
      "is_removed": false,
      "gender": "UNSPECIFIED",
      "reciprocal_ids": "[\"1\", \"2\", \"30\"]",
      "title": "child",
      "display_order": 22,
      "emergency_contact": true,
      "scheduler": false,
      "relative": true,
      "consanguinity": true
    }
  },
  {
    "model": "persons.relation",
    "pk": 28,
    "fields": {
      "created": "2020-04-30T15:14:56.581Z",
      "modified": "2020-04-30T15:33:25.085Z",
      "is_removed": false,
      "gender": "UNSPECIFIED",
      "reciprocal_ids": "[]",
      "title": "self",
      "display_order": 32767,
      "emergency_contact": true,
      "scheduler": true,
      "relative": true,
      "consanguinity": true
    }
  },
  {
    "model": "persons.relation",
    "pk": 29,
    "fields": {
      "created": "2020-04-30T15:19:44.652Z",
      "modified": "2020-04-30T15:35:18.407Z",
      "is_removed": false,
      "gender": "UNSPECIFIED",
      "reciprocal_ids": "[\"8\", \"9\", \"29\"]",
      "title": "sibling",
      "display_order": 53,
      "emergency_contact": false,
      "scheduler": false,
      "relative": true,
      "consanguinity": true
    }
  },
  {
    "model": "persons.relation",
    "pk": 30,
    "fields": {
      "created": "2020-04-30T15:12:17.523Z",
      "modified": "2020-04-30T15:33:34.840Z",
      "is_removed": false,
      "gender": "UNSPECIFIED",
      "reciprocal_ids": "[\"3\", \"4\", \"27\"]",
      "title": "parent",
      "display_order": 22,
      "emergency_contact": true,
      "scheduler": true,
      "relative": true,
      "consanguinity": true
    }
  },
  {
    "model": "persons.relation",
    "pk": 31,
    "fields": {
      "created": "2020-04-30T15:19:44.652Z",
      "modified": "2020-04-30T15:35:18.407Z",
      "is_removed": false,
      "gender": "UNSPECIFIED",
      "reciprocal_ids": "[\"31\"]",
      "title": "sweetheart",
      "display_order": 54,
      "emergency_contact": false,
      "scheduler": false,
      "relative": false,
      "consanguinity": false
    }
  },
  {
    "model": "persons.relation",
    "pk": 32,
    "fields": {
      "created": "2020-04-30T15:19:44.652Z",
      "modified": "2020-04-30T15:35:18.407Z",
      "is_removed": false,
      "gender": "MALE",
      "reciprocal_ids": "[\"33\", \"34\"]",
      "title": "step brother",
      "display_order": 210,
      "emergency_contact": false,
      "scheduler": false,
      "relative": true,
      "consanguinity": false
    }
  },
  {
    "model": "persons.relation",
    "pk": 33,
    "fields": {
      "created": "2020-04-30T15:19:44.652Z",
      "modified": "2020-04-30T15:35:18.407Z",
      "is_removed": false,
      "gender": "FEMALE",
      "reciprocal_ids": "[\"32\", \"34\"]",
      "title": "step sister",
      "display_order": 210,
      "emergency_contact": false,
      "scheduler": false,
      "relative": true,
      "consanguinity": false
    }
  },
  {
    "model": "persons.relation",
    "pk": 34,
    "fields": {
      "created": "2020-04-30T15:19:44.652Z",
      "modified": "2020-04-30T15:35:18.407Z",
      "is_removed": false,
      "gender": "UNSPECIFIED",
      "reciprocal_ids": "[\"32\", \"33\", \"34\"]",
      "title": "step sibling",
      "display_order": 220,
      "emergency_contact": false,
      "scheduler": false,
      "relative": true,
      "consanguinity": false
    }
  },
  {
    "model": "persons.relation",
    "pk": 35,
    "fields": {
      "created": "2020-04-30T15:19:44.652Z",
      "modified": "2020-04-30T15:35:18.407Z",
      "is_removed": false,
      "gender": "UNSPECIFIED",
      "reciprocal_ids": "[\"35\"]",
      "title": "enemy",
      "display_order": 500,
      "emergency_contact": false,
      "scheduler": false,
      "relative": false,
      "consanguinity": false
    }
  },
  {
    "model": "persons.relation",
    "pk": 36,
    "fields": {
      "created": "2020-04-30T15:19:44.652Z",
      "modified": "2020-04-30T15:35:18.407Z",
      "is_removed": false,
      "gender": "UNSPECIFIED",
      "reciprocal_ids": "[\"36\"]",
      "title": "boy/girl friend",
      "display_order": 52,
      "emergency_contact": false,
      "scheduler": false,
      "relative": false,
      "consanguinity": false
    }
  },
  {
    "model": "persons.relation",
    "pk": 37,
    "fields": {
      "created": "2020-04-30T15:19:44.652Z",
      "modified": "2020-04-30T15:35:18.407Z",
      "is_removed": false,
      "gender": "UNSPECIFIED",
      "reciprocal_ids": "[]",
      "title": "crush",
      "display_order": 53,
      "emergency_contact": false,
      "scheduler": false,
      "relative": false,
      "consanguinity": false
    }
  },
  {
    "model": "persons.relation",
    "pk": 38,
    "fields": {
      "created": "1999-04-30T15:18:03.143Z",
      "modified": "2020-04-30T15:31:56.243Z",
      "is_removed": false,
      "gender": "UNSPECIFIED",
      "reciprocal_ids": "[\"7\"]",
      "title": "passenger",
      "display_order": 70,
      "emergency_contact": false,
      "scheduler": false,
      "relative": false,
      "consanguinity": false
    }
  },
  {
    "model": "persons.registration",
    "pk": 1,
    "fields": {
      "created": "1999-04-11T19:51:50.674Z",
      "modified": "2020-04-11T19:51:50.674Z",
      "is_removed": false,
      "assembly": 1,
      "registrant": "22c29cd5-a5ab-46a3-afe6-d5a600c33fc9",
      "infos": {
        "price": "0.00",
        "donation": "0.00",
        "apply_key": "#002",
        "apply_type": "onsite"
      }
    }
  },
  {
    "model": "persons.registration",
    "pk": 2,
    "fields": {
      "created": "1999-04-11T19:52:47.869Z",
      "modified": "2020-04-11T19:52:47.869Z",
      "is_removed": false,
      "assembly": 1,
      "registrant": "d7e6ec14-302e-46a3-9f32-537d1fc0256b",
      "infos": {
        "price": "0.00",
        "donation": "0.00",
        "apply_key": "000",
        "apply_type": "admin"
      }
    }
  },
  {
    "model": "persons.registration",
    "pk": 3,
    "fields": {
      "created": "1999-04-11T19:53:25.182Z",
      "modified": "2020-05-09T23:39:51.769Z",
      "is_removed": false,
      "assembly": 2,
      "registrant": "a48e4375-1a64-4c4f-beb3-8f088bf77340",
      "infos": {
        "price": "0.00",
        "donation": "0.00",
        "apply_key": "001",
        "apply_type": "worship"
      }
    }
  },
  {
    "model": "persons.registration",
    "pk": 4,
    "fields": {
      "created": "1999-04-11T19:53:44.768Z",
      "modified": "2020-04-11T19:53:44.768Z",
      "is_removed": false,
      "assembly": 4,
      "registrant": "37ba5cc7-c7a7-419f-833f-915ac68e3676",
      "infos": {
        "price": "0.00",
        "donation": "0.00",
        "apply_key": "001",
        "apply_type": "sky"
      }
    }
  },
  {
    "model": "persons.registration",
    "pk": 5,
    "fields": {
      "created": "1999-04-20T01:05:40.411Z",
      "modified": "2020-04-20T01:05:40.411Z",
      "is_removed": false,
      "assembly": 2,
      "registrant": "22c29cd5-a5ab-46a3-afe6-d5a600c33fc9",
      "infos": {
        "price": "0.00",
        "donation": "0.00",
        "apply_key": "002",
        "apply_type": "reality"
      }
    }
  },
  {
    "model": "persons.registration",
    "pk": 6,
    "fields": {
      "created": "1999-04-21T05:06:35.390Z",
      "modified": "2020-04-21T05:06:35.390Z",
      "is_removed": false,
      "assembly": 3,
      "registrant": "a48e4375-1a64-4c4f-beb3-8f088bf77340",
      "infos": {
        "price": "0.00",
        "donation": "0.00",
        "apply_key": "001",
        "apply_type": "virtual"
      }
    }
  },
  {
    "model": "persons.registration",
    "pk": 7,
    "fields": {
      "created": "1999-05-09T23:36:03.776Z",
      "modified": "2020-05-09T23:39:33.937Z",
      "is_removed": false,
      "assembly": 5,
      "registrant": "a48e4375-1a64-4c4f-beb3-8f088bf77340",
      "infos": {
        "price": "0.00",
        "donation": "0.00",
        "apply_key": "003",
        "apply_type": "member"
      }
    }
  },
  {
    "model": "persons.registration",
    "pk": 8,
    "fields": {
      "created": "1999-06-19T21:13:22.376Z",
      "modified": "2020-06-19T21:13:22.376Z",
      "is_removed": false,
      "assembly": 6,
      "registrant": "22c29cd5-a5ab-46a3-afe6-d5a600c33fc9",
      "infos": {}
    }
  },
  {
    "model": "persons.registration",
    "pk": 9,
    "fields": {
      "created": "1999-06-19T21:13:37.443Z",
      "modified": "2020-06-19T21:13:37.443Z",
      "is_removed": false,
      "assembly": 6,
      "registrant": "97922785-9025-40ad-9a5f-a9545f884644",
      "infos": {}
    }
  },
  {
    "model": "persons.registration",
    "pk": 10,
    "fields": {
      "created": "1999-06-19T21:14:08.107Z",
      "modified": "2020-06-19T21:14:08.107Z",
      "is_removed": false,
      "assembly": 6,
      "registrant": "aa24758f-cc70-4353-b1d7-9c616b3db425",
      "infos": {}
    }
  },
  {
    "model": "persons.registration",
    "pk": 11,
    "fields": {
      "created": "1999-06-19T21:41:46.126Z",
      "modified": "2020-06-19T21:41:46.126Z",
      "is_removed": false,
      "assembly": 6,
      "registrant": "a48e4375-1a64-4c4f-beb3-8f088bf77340",
      "infos": {}
    }
  },
  {
    "model": "persons.registration",
    "pk": 12,
    "fields": {
      "created": "1999-11-16T04:08:53.276Z",
      "modified": "2020-11-16T04:08:53.276Z",
      "is_removed": false,
      "assembly": 5,
      "registrant": "aa24758f-cc70-4353-b1d7-9c616b3db425",
      "infos": {}
    }
  },
  {
    "model": "persons.attending",
    "pk": 1,
    "fields": {
      "created": "1999-04-11T22:25:16.240Z",
      "modified": "2020-04-11T22:25:16.240Z",
      "is_removed": false,
      "registration": 1,
      "price": null,
      "attendee": "80f2e82f-0a72-49ea-b3e2-3fc892c49599",
      "category": "normal",
      "infos": {
        "bed_needs": 0
      }
    }
  },
  {
    "model": "persons.attending",
    "pk": 2,
    "fields": {
      "created": "1999-04-11T22:33:15.341Z",
      "modified": "2020-04-11T22:33:15.341Z",
      "is_removed": false,
      "registration": 2,
      "price": null,
      "attendee": "d7e6ec14-302e-46a3-9f32-537d1fc0256b",
      "category": "normal",
      "infos": {
        "age": 500,
        "mobility": 300,
        "bed_needs": 0
      }
    }
  },
  {
    "model": "persons.attending",
    "pk": 3,
    "fields": {
      "created": "1999-04-11T22:36:35.312Z",
      "modified": "2020-04-12T02:33:40.777Z",
      "is_removed": false,
      "registration": 2,
      "price": null,
      "attendee": "a48e4375-1a64-4c4f-beb3-8f088bf77340",
      "category": "normal",
      "infos": {
        "age": 500,
        "mobility": 500,
        "bed_needs": 0
      }
    }
  },
  {
    "model": "persons.attending",
    "pk": 4,
    "fields": {
      "created": "1999-04-11T23:50:51.956Z",
      "modified": "2020-04-11T23:50:51.956Z",
      "is_removed": false,
      "registration": 3,
      "price": null,
      "attendee": "a48e4375-1a64-4c4f-beb3-8f088bf77340",
      "category": "normal",
      "infos": {
        "age": 500,
        "mobility": 300,
        "bed_needs": 0
      }
    }
  },
  {
    "model": "persons.attending",
    "pk": 5,
    "fields": {
      "created": "1999-04-11T23:50:52.017Z",
      "modified": "2020-04-11T23:50:52.017Z",
      "is_removed": false,
      "registration": 2,
      "price": null,
      "attendee": "e8c025ec-9ea2-4d61-8df3-9daeecbfb849",
      "category": "normal",
      "infos": {
        "age": 500,
        "mobility": 200,
        "bed_needs": 0
      }
    }
  },
  {
    "model": "persons.attending",
    "pk": 6,
    "fields": {
      "created": "1999-04-12T02:32:11.741Z",
      "modified": "2020-04-12T02:32:11.741Z",
      "is_removed": false,
      "registration": 4,
      "price": null,
      "attendee": "37ba5cc7-c7a7-419f-833f-915ac68e3676",
      "category": "kingdom",
      "infos": {
        "age": 5000,
        "mobility": 2000,
        "bed_needs": 0
      }
    }
  },
  {
    "model": "persons.attending",
    "pk": 7,
    "fields": {
      "created": "1999-04-19T13:14:25.051Z",
      "modified": "2020-04-20T16:17:15.310Z",
      "is_removed": false,
      "registration": 5,
      "price": null,
      "attendee": "22c29cd5-a5ab-46a3-afe6-d5a600c33fc9",
      "category": "normal",
      "infos": {
        "age": 500,
        "mobility": 200,
        "bed_needs": 0
      }
    }
  },
  {
    "model": "persons.attending",
    "pk": 8,
    "fields": {
      "created": "1999-04-21T05:09:24.042Z",
      "modified": "2020-04-21T05:09:48.330Z",
      "is_removed": false,
      "registration": 6,
      "price": null,
      "attendee": "d7e6ec14-302e-46a3-9f32-537d1fc0256b",
      "category": "normal",
      "infos": {
        "age": 500,
        "mobility": 500,
        "bed_needs": 0
      }
    }
  },
  {
    "model": "persons.attending",
    "pk": 9,
    "fields": {
      "created": "1999-05-10T00:26:30.151Z",
      "modified": "2020-11-16T04:27:15.585Z",
      "is_removed": false,
      "registration": 7,
      "price": null,
      "attendee": "a48e4375-1a64-4c4f-beb3-8f088bf77340",
      "category": "normal",
      "infos": {
        "age": null,
        "mobility": 200,
        "bed_needs": 0
      }
    }
  },
  {
    "model": "persons.attending",
    "pk": 10,
    "fields": {
      "created": "1999-05-10T00:38:07.725Z",
      "modified": "2020-11-16T04:28:23.325Z",
      "is_removed": false,
      "registration": 7,
      "price": null,
      "attendee": "d7e6ec14-302e-46a3-9f32-537d1fc0256b",
      "category": "normal",
      "infos": {
        "age": null,
        "mobility": 200,
        "bed_needs": 0
      }
    }
  },
  {
    "model": "persons.attending",
    "pk": 11,
    "fields": {
      "created": "1999-05-10T00:40:42.362Z",
      "modified": "2020-11-16T04:28:44.178Z",
      "is_removed": false,
      "registration": 7,
      "price": null,
      "attendee": "44e894a1-1190-4916-992a-b5eb41b35b16",
      "category": "normal",
      "infos": {
        "age": null,
        "mobility": 200,
        "bed_needs": 0
      }
    }
  },
  {
    "model": "persons.attending",
    "pk": 12,
    "fields": {
      "created": "1999-05-10T00:42:09.708Z",
      "modified": "2020-05-10T00:42:09.708Z",
      "is_removed": false,
      "registration": 7,
      "price": null,
      "attendee": "3566e642-3624-42e3-9644-c54b08d8c6d6",
      "category": "normal",
      "infos": {
        "age": null,
        "mobility": 200,
        "bed_needs": 0
      }
    }
  },
  {
    "model": "persons.attending",
    "pk": 13,
    "fields": {
      "created": "1999-05-10T00:43:59.588Z",
      "modified": "2020-11-16T04:31:00.794Z",
      "is_removed": false,
      "registration": 7,
      "price": null,
      "attendee": "fa61941f-79a4-423e-872c-0bb9662e4351",
      "category": "normal",
      "infos": {
        "age": null,
        "mobility": 200,
        "bed_needs": 0
      }
    }
  },
  {
    "model": "persons.attending",
    "pk": 14,
    "fields": {
      "created": "1999-05-10T00:49:35.465Z",
      "modified": "2020-11-16T04:29:23.094Z",
      "is_removed": false,
      "registration": 7,
      "price": null,
      "attendee": "3833d04e-0897-45da-abf6-7d750f0baee7",
      "category": "normal",
      "infos": {
        "age": null,
        "mobility": 200,
        "bed_needs": 0
      }
    }
  },
  {
    "model": "persons.attending",
    "pk": 15,
    "fields": {
      "created": "1999-05-10T00:50:29.566Z",
      "modified": "2020-11-16T04:29:42.734Z",
      "is_removed": false,
      "registration": 7,
      "price": null,
      "attendee": "0498c414-abd3-4173-add1-5e42053760e4",
      "category": "normal",
      "infos": {
        "age": null,
        "mobility": 200,
        "bed_needs": 0
      }
    }
  },
  {
    "model": "persons.attending",
    "pk": 16,
    "fields": {
      "created": "1999-05-10T02:30:26.834Z",
      "modified": "2020-11-16T04:30:14.651Z",
      "is_removed": false,
      "registration": 7,
      "price": null,
      "attendee": "97922785-9025-40ad-9a5f-a9545f884644",
      "category": "normal",
      "infos": {
        "age": null,
        "mobility": 200,
        "bed_needs": 0
      }
    }
  },
  {
    "model": "persons.attending",
    "pk": 17,
    "fields": {
      "created": "1999-05-10T21:49:09.873Z",
      "modified": "2020-05-10T21:49:09.873Z",
      "is_removed": false,
      "registration": 7,
      "price": null,
      "attendee": "786a9d44-379f-4671-9004-5b3d0bd0227b",
      "category": "normal",
      "infos": {
        "age": null,
        "mobility": 200,
        "bed_needs": 0
      }
    }
  },
  {
    "model": "persons.attending",
    "pk": 18,
    "fields": {
      "created": "1999-06-19T21:15:21.547Z",
      "modified": "2020-06-19T22:53:57.874Z",
      "is_removed": false,
      "registration": 8,
      "price": null,
      "attendee": "22c29cd5-a5ab-46a3-afe6-d5a600c33fc9",
      "category": "normal",
      "infos": {}
    }
  },
  {
    "model": "persons.attending",
    "pk": 19,
    "fields": {
      "created": "1999-06-19T21:15:35.967Z",
      "modified": "2020-06-19T21:45:31.027Z",
      "is_removed": false,
      "registration": 8,
      "price": null,
      "attendee": "80f2e82f-0a72-49ea-b3e2-3fc892c49599",
      "category": "normal",
      "infos": {}
    }
  },
  {
    "model": "persons.attending",
    "pk": 20,
    "fields": {
      "created": "1999-06-19T21:16:06.953Z",
      "modified": "2020-06-19T22:55:52.145Z",
      "is_removed": false,
      "registration": 10,
      "price": null,
      "attendee": "aa24758f-cc70-4353-b1d7-9c616b3db425",
      "category": "normal",
      "infos": {}
    }
  },
  {
    "model": "persons.attending",
    "pk": 21,
    "fields": {
      "created": "1999-06-19T21:16:25.984Z",
      "modified": "2020-06-19T22:55:17.558Z",
      "is_removed": false,
      "registration": 10,
      "price": null,
      "attendee": "ffd3881a-7a77-437a-ba11-c90610839523",
      "category": "normal",
      "infos": {}
    }
  },
  {
    "model": "persons.attending",
    "pk": 22,
    "fields": {
      "created": "1999-06-19T21:16:40.530Z",
      "modified": "2020-06-19T22:00:02.581Z",
      "is_removed": false,
      "registration": 10,
      "price": null,
      "attendee": "f3b780ad-c736-490e-8731-58b96dfd81f8",
      "category": "normal",
      "infos": {}
    }
  },
  {
    "model": "persons.attending",
    "pk": 23,
    "fields": {
      "created": "1999-06-19T21:43:21.366Z",
      "modified": "2020-06-19T22:56:29.987Z",
      "is_removed": false,
      "registration": 11,
      "price": null,
      "attendee": "a48e4375-1a64-4c4f-beb3-8f088bf77340",
      "category": "coworker",
      "infos": {}
    }
  },
  {
    "model": "persons.attending",
    "pk": 24,
    "fields": {
      "created": "1999-06-19T22:19:43.103Z",
      "modified": "2020-06-19T22:22:34.947Z",
      "is_removed": false,
      "registration": 9,
      "price": null,
      "attendee": "786a9d44-379f-4671-9004-5b3d0bd0227b",
      "category": "not_going",
      "infos": {}
    }
  },
  {
    "model": "persons.attending",
    "pk": 25,
    "fields": {
      "created": "1999-11-16T04:11:12.212Z",
      "modified": "2020-11-16T04:11:12.212Z",
      "is_removed": false,
      "registration": 12,
      "price": null,
      "attendee": "aa24758f-cc70-4353-b1d7-9c616b3db425",
      "category": "normal",
      "infos": {}
    }
  },
  {
    "model": "persons.attending",
    "pk": 26,
    "fields": {
      "created": "1999-11-16T04:12:14.214Z",
      "modified": "2020-11-16T04:12:14.214Z",
      "is_removed": false,
      "registration": 12,
      "price": null,
      "attendee": "ffd3881a-7a77-437a-ba11-c90610839523",
      "category": "normal",
      "infos": {}
    }
  },
  {
    "model": "persons.attending",
    "pk": 27,
    "fields": {
      "created": "1999-11-16T04:20:38.649Z",
      "modified": "2020-11-16T04:20:38.649Z",
      "is_removed": false,
      "registration": 12,
      "price": null,
      "attendee": "f3b780ad-c736-490e-8731-58b96dfd81f8",
      "category": "normal",
      "infos": {}
    }
  },
  {
    "model": "persons.attending",
    "pk": 28,
    "fields": {
      "created": "1999-11-16T04:22:54.159Z",
      "modified": "2020-11-16T04:22:54.159Z",
      "is_removed": false,
      "registration": 12,
      "price": null,
      "attendee": "8b3b2130-9ec4-469b-9b64-efef141fceee",
      "category": "normal",
      "infos": {}
    }
  },
  {
    "model": "persons.attending",
    "pk": 29,
    "fields": {
      "created": "1999-11-16T04:23:35.092Z",
      "modified": "2020-11-16T04:23:35.092Z",
      "is_removed": false,
      "registration": 12,
      "price": null,
      "attendee": "55ee6cde-b6ce-4551-b531-89507cee6ae1",
      "category": "normal",
      "infos": {}
    }
  },
  {
    "model": "persons.attending",
    "pk": 30,
    "fields": {
      "created": "1999-11-16T04:24:18.313Z",
      "modified": "2020-11-16T04:24:18.313Z",
      "is_removed": false,
      "registration": 12,
      "price": null,
      "attendee": "be687517-d7bf-407a-8088-e3ed64ca62b8",
      "category": "normal",
      "infos": {}
    }
  },
  {
    "model": "persons.attendingmeet",
    "pk": 1,
    "fields": {
      "created": "1999-04-11T22:25:16.256Z",
      "modified": "2020-04-11T22:25:16.256Z",
      "is_removed": false,
      "attending": 1,
      "meet": 1,
      "start": "2020-01-01T18:00:00Z",
      "finish": "2030-02-17T19:59:59Z",
      "team": null,
      "character": 1,
      "category": 1,
      "infos": {}
    }
  },
  {
    "model": "persons.attendingmeet",
    "pk": 2,
    "fields": {
      "created": "1999-04-11T22:33:15.397Z",
      "modified": "2020-04-11T22:33:15.397Z",
      "is_removed": false,
      "attending": 2,
      "meet": 1,
      "start": "2020-01-01T18:00:00Z",
      "finish": "2030-02-17T19:59:59Z",
      "team": null,
      "character": 32,
      "category": 1,
      "infos": {}
    }
  },
  {
    "model": "persons.attendingmeet",
    "pk": 3,
    "fields": {
      "created": "1999-04-11T22:36:35.329Z",
      "modified": "2020-04-11T22:36:35.329Z",
      "is_removed": false,
      "attending": 3,
      "meet": 1,
      "start": "2020-01-01T18:00:00Z",
      "finish": "2030-02-17T19:59:59Z",
      "team": null,
      "character": 33,
      "category": 1,
      "infos": {}
    }
  },
  {
    "model": "persons.attendingmeet",
    "pk": 4,
    "fields": {
      "created": "1999-04-11T23:50:51.968Z",
      "modified": "2020-04-11T23:50:51.968Z",
      "is_removed": false,
      "attending": 4,
      "meet": 3,
      "start": "2020-01-01T18:00:00Z",
      "finish": "2030-02-17T19:59:59Z",
      "team": null,
      "character": 6,
      "category": 1,
      "infos": {}
    }
  },
  {
    "model": "persons.attendingmeet",
    "pk": 5,
    "fields": {
      "created": "1999-04-11T23:50:52.031Z",
      "modified": "2020-04-11T23:58:17.191Z",
      "is_removed": false,
      "attending": 5,
      "meet": 2,
      "start": "2020-01-01T18:00:00Z",
      "finish": "2030-02-17T19:59:59Z",
      "team": null,
      "character": 33,
      "category": 1,
      "infos": {}
    }
  },
  {
    "model": "persons.attendingmeet",
    "pk": 6,
    "fields": {
      "created": "1999-04-12T02:32:11.754Z",
      "modified": "2020-04-12T02:32:11.754Z",
      "is_removed": false,
      "attending": 6,
      "meet": 18,
      "start": "2020-01-01T18:00:00Z",
      "finish": "2030-02-17T19:59:59Z",
      "team": null,
      "character": 7,
      "category": 1,
      "infos": {}
    }
  },
  {
    "model": "persons.attendingmeet",
    "pk": 7,
    "fields": {
      "created": "1999-04-12T02:33:40.751Z",
      "modified": "2020-04-12T02:33:40.751Z",
      "is_removed": false,
      "attending": 3,
      "meet": 2,
      "start": "2020-01-01T18:00:00Z",
      "finish": "2030-02-17T19:59:59Z",
      "team": null,
      "character": 32,
      "category": 6,
      "infos": {}
    }
  },
  {
    "model": "persons.attendingmeet",
    "pk": 8,
    "fields": {
      "created": "1999-04-19T13:14:25.065Z",
      "modified": "2020-04-20T16:27:20.609Z",
      "is_removed": false,
      "attending": 7,
      "meet": 3,
      "start": "2020-01-01T18:00:00Z",
      "finish": "2030-02-17T19:59:59Z",
      "team": null,
      "character": 6,
      "category": 1,
      "infos": {}
    }
  },
  {
    "model": "persons.attendingmeet",
    "pk": 9,
    "fields": {
      "created": "1999-04-21T05:09:24.056Z",
      "modified": "2020-04-21T05:09:24.056Z",
      "is_removed": false,
      "attending": 8,
      "meet": 6,
      "start": "2020-01-01T18:00:00Z",
      "finish": "2030-02-17T19:59:59Z",
      "team": null,
      "character": 8,
      "category": 1,
      "infos": {}
    }
  },
  {
    "model": "persons.attendingmeet",
    "pk": 10,
    "fields": {
      "created": "1999-05-10T00:26:30.161Z",
      "modified": "2020-11-16T04:27:15.586Z",
      "is_removed": false,
      "attending": 9,
      "meet": 7,
      "start": "2020-01-01T18:00:00Z",
      "finish": "2030-02-17T19:59:59Z",
      "team": null,
      "character": 15,
      "category": 6,
      "infos": {}
    }
  },
  {
    "model": "persons.attendingmeet",
    "pk": 11,
    "fields": {
      "created": "1999-05-10T00:26:30.161Z",
      "modified": "2020-11-16T04:27:15.587Z",
      "is_removed": false,
      "attending": 9,
      "meet": 8,
      "start": "2020-01-01T18:00:00Z",
      "finish": "2030-02-17T19:59:59Z",
      "team": null,
      "character": 23,
      "category": 6,
      "infos": {}
    }
  },
  {
    "model": "persons.attendingmeet",
    "pk": 12,
    "fields": {
      "created": "1999-05-10T00:26:30.162Z",
      "modified": "2020-11-16T04:27:15.590Z",
      "is_removed": false,
      "attending": 9,
      "meet": 9,
      "start": "2020-01-01T18:00:00Z",
      "finish": "2030-02-17T19:59:59Z",
      "team": null,
      "character": 22,
      "category": 1,
      "infos": {}
    }
  },
  {
    "model": "persons.attendingmeet",
    "pk": 13,
    "fields": {
      "created": "1999-05-10T00:38:07.734Z",
      "modified": "2020-11-16T04:28:23.326Z",
      "is_removed": false,
      "attending": 10,
      "meet": 8,
      "start": "2020-01-01T18:00:00Z",
      "finish": "2030-02-17T19:59:59Z",
      "team": null,
      "character": 23,
      "category": 6,
      "infos": {}
    }
  },
  {
    "model": "persons.attendingmeet",
    "pk": 14,
    "fields": {
      "created": "1999-05-10T00:38:07.735Z",
      "modified": "2020-11-16T04:28:23.327Z",
      "is_removed": false,
      "attending": 10,
      "meet": 9,
      "start": "2020-01-01T18:00:00Z",
      "finish": "2030-02-17T19:59:59Z",
      "team": null,
      "character": 22,
      "category": 1,
      "infos": {}
    }
  },
  {
    "model": "persons.attendingmeet",
    "pk": 15,
    "fields": {
      "created": "1999-05-10T00:40:42.372Z",
      "modified": "2020-11-16T04:28:44.179Z",
      "is_removed": false,
      "attending": 11,
      "meet": 9,
      "start": "2020-01-01T18:00:00Z",
      "finish": "2030-02-17T19:59:59Z",
      "team": null,
      "character": 22,
      "category": 7,
      "infos": {}
    }
  },
  {
    "model": "persons.attendingmeet",
    "pk": 16,
    "fields": {
      "created": "1999-05-10T00:42:09.718Z",
      "modified": "2020-05-10T00:42:09.718Z",
      "is_removed": false,
      "attending": 12,
      "meet": 7,
      "start": "2020-01-01T18:00:00Z",
      "finish": "2030-02-17T19:59:59Z",
      "team": null,
      "character": 15,
      "category": 1,
      "infos": {}
    }
  },
  {
    "model": "persons.attendingmeet",
    "pk": 17,
    "fields": {
      "created": "1999-05-10T00:43:59.598Z",
      "modified": "2020-05-10T00:43:59.598Z",
      "is_removed": false,
      "attending": 13,
      "meet": 7,
      "start": "2020-01-01T18:00:00Z",
      "finish": "2030-02-17T19:59:59Z",
      "team": null,
      "character": 15,
      "category": 1,
      "infos": {}
    }
  },
  {
    "model": "persons.attendingmeet",
    "pk": 18,
    "fields": {
      "created": "1999-05-10T00:43:59.598Z",
      "modified": "2020-11-16T04:31:00.796Z",
      "is_removed": false,
      "attending": 13,
      "meet": 8,
      "start": "2020-01-01T18:00:00Z",
      "finish": "2030-02-17T19:59:59Z",
      "team": null,
      "character": 23,
      "category": 1,
      "infos": {}
    }
  },
  {
    "model": "persons.attendingmeet",
    "pk": 19,
    "fields": {
      "created": "1999-05-10T00:49:35.475Z",
      "modified": "2020-11-16T04:29:23.096Z",
      "is_removed": false,
      "attending": 14,
      "meet": 8,
      "start": "2020-01-01T18:00:00Z",
      "finish": "2030-02-17T19:59:59Z",
      "team": null,
      "character": 23,
      "category": 6,
      "infos": {}
    }
  },
  {
    "model": "persons.attendingmeet",
    "pk": 20,
    "fields": {
      "created": "1999-05-10T00:49:35.475Z",
      "modified": "2020-11-16T04:29:23.097Z",
      "is_removed": false,
      "attending": 14,
      "meet": 9,
      "start": "2020-01-01T18:00:00Z",
      "finish": "2030-02-17T19:59:59Z",
      "team": null,
      "character": 22,
      "category": 1,
      "infos": {}
    }
  },
  {
    "model": "persons.attendingmeet",
    "pk": 21,
    "fields": {
      "created": "1999-05-10T00:50:29.576Z",
      "modified": "2020-11-16T04:29:42.735Z",
      "is_removed": false,
      "attending": 15,
      "meet": 8,
      "start": "2020-01-01T18:00:00Z",
      "finish": "2030-02-17T19:59:59Z",
      "team": null,
      "character": 23,
      "category": 6,
      "infos": {}
    }
  },
  {
    "model": "persons.attendingmeet",
    "pk": 22,
    "fields": {
      "created": "1999-05-10T00:50:29.577Z",
      "modified": "2020-05-10T00:50:29.577Z",
      "is_removed": false,
      "attending": 15,
      "meet": 7,
      "start": "2020-01-01T18:00:00Z",
      "finish": "2030-02-17T19:59:59Z",
      "team": null,
      "character": 15,
      "category": 1,
      "infos": {}
    }
  },
  {
    "model": "persons.attendingmeet",
    "pk": 23,
    "fields": {
      "created": "1999-05-10T02:30:26.843Z",
      "modified": "2020-11-16T04:30:14.653Z",
      "is_removed": false,
      "attending": 16,
      "meet": 9,
      "start": "2020-01-01T18:00:00Z",
      "finish": "2020-02-17T19:59:59Z",
      "team": null,
      "character": 22,
      "category": 8,
      "infos": {}
    }
  },
  {
    "model": "persons.attendingmeet",
    "pk": 24,
    "fields": {
      "created": "1999-05-10T21:49:09.884Z",
      "modified": "2020-05-23T15:06:02.159Z",
      "is_removed": false,
      "attending": 17,
      "meet": 7,
      "start": "2020-01-01T18:00:00Z",
      "finish": "2030-02-17T19:59:59Z",
      "team": null,
      "character": 15,
      "category": 1,
      "infos": {}
    }
  },
  {
    "model": "persons.attendingmeet",
    "pk": 25,
    "fields": {
      "created": "1999-06-19T21:38:38.680Z",
      "modified": "2020-06-19T21:45:18.455Z",
      "is_removed": false,
      "attending": 18,
      "meet": 11,
      "start": "2020-06-19T21:37:02Z",
      "finish": "2020-08-19T21:37:54Z",
      "team": null,
      "character": 16,
      "category": 7,
      "infos": {}
    }
  },
  {
    "model": "persons.attendingmeet",
    "pk": 26,
    "fields": {
      "created": "1999-06-19T21:38:38.681Z",
      "modified": "2020-06-19T21:38:38.681Z",
      "is_removed": false,
      "attending": 18,
      "meet": 10,
      "start": "2020-06-19T21:37:02Z",
      "finish": "2020-08-19T21:38:28Z",
      "team": null,
      "character": 16,
      "category": 6,
      "infos": {}
    }
  },
  {
    "model": "persons.attendingmeet",
    "pk": 27,
    "fields": {
      "created": "1999-06-19T21:38:38.682Z",
      "modified": "2020-06-19T21:38:38.682Z",
      "is_removed": false,
      "attending": 18,
      "meet": 13,
      "start": "2020-06-19T21:37:02Z",
      "finish": "2020-08-19T21:38:34Z",
      "team": null,
      "character": 16,
      "category": 1,
      "infos": {}
    }
  },
  {
    "model": "persons.attendingmeet",
    "pk": 28,
    "fields": {
      "created": "1999-06-19T21:40:03.576Z",
      "modified": "2020-06-19T21:45:31.028Z",
      "is_removed": false,
      "attending": 19,
      "meet": 11,
      "start": "2020-06-19T21:38:55Z",
      "finish": "2020-08-19T21:39:41Z",
      "team": null,
      "character": 16,
      "category": 7,
      "infos": {}
    }
  },
  {
    "model": "persons.attendingmeet",
    "pk": 29,
    "fields": {
      "created": "1999-06-19T21:40:03.577Z",
      "modified": "2020-06-19T21:40:03.577Z",
      "is_removed": false,
      "attending": 19,
      "meet": 14,
      "start": "2020-06-19T21:38:55Z",
      "finish": "2020-08-19T21:39:37Z",
      "team": null,
      "character": 16,
      "category": 1,
      "infos": {}
    }
  },
  {
    "model": "persons.attendingmeet",
    "pk": 30,
    "fields": {
      "created": "1999-06-19T21:40:03.578Z",
      "modified": "2020-06-19T21:40:03.578Z",
      "is_removed": false,
      "attending": 19,
      "meet": 10,
      "start": "2020-06-19T21:38:55Z",
      "finish": "2020-08-19T21:39:36Z",
      "team": null,
      "character": 16,
      "category": 6,
      "infos": {}
    }
  },
  {
    "model": "persons.attendingmeet",
    "pk": 31,
    "fields": {
      "created": "1999-06-19T21:43:21.377Z",
      "modified": "2020-06-19T22:56:29.988Z",
      "is_removed": false,
      "attending": 23,
      "meet": 11,
      "start": "2020-06-19T21:42:05Z",
      "finish": "2020-08-19T21:42:44Z",
      "team": null,
      "character": 18,
      "category": 10,
      "infos": {}
    }
  },
  {
    "model": "persons.attendingmeet",
    "pk": 32,
    "fields": {
      "created": "1999-06-19T21:43:21.378Z",
      "modified": "2020-06-19T21:43:21.378Z",
      "is_removed": false,
      "attending": 23,
      "meet": 10,
      "start": "2020-06-19T21:42:05Z",
      "finish": "2020-08-19T21:42:48Z",
      "team": null,
      "character": 17,
      "category": 6,
      "infos": {}
    }
  },
  {
    "model": "persons.attendingmeet",
    "pk": 33,
    "fields": {
      "created": "1999-06-19T21:43:21.382Z",
      "modified": "2020-06-19T21:43:21.382Z",
      "is_removed": false,
      "attending": 23,
      "meet": 13,
      "start": "2020-06-19T21:42:05Z",
      "finish": "2020-08-19T21:43:12Z",
      "team": null,
      "character": 16,
      "category": 1,
      "infos": {}
    }
  },
  {
    "model": "persons.attendingmeet",
    "pk": 34,
    "fields": {
      "created": "1999-06-19T21:52:33.664Z",
      "modified": "2020-06-19T21:52:33.664Z",
      "is_removed": false,
      "attending": 20,
      "meet": 11,
      "start": "2020-06-19T21:50:28Z",
      "finish": "2020-08-19T21:50:49Z",
      "team": null,
      "character": 18,
      "category": 1,
      "infos": {}
    }
  },
  {
    "model": "persons.attendingmeet",
    "pk": 35,
    "fields": {
      "created": "1999-06-19T21:52:33.665Z",
      "modified": "2020-06-19T21:52:33.665Z",
      "is_removed": false,
      "attending": 20,
      "meet": 10,
      "start": "2020-06-19T21:50:28Z",
      "finish": "2020-08-19T21:51:04Z",
      "team": null,
      "character": 16,
      "category": 1,
      "infos": {}
    }
  },
  {
    "model": "persons.attendingmeet",
    "pk": 36,
    "fields": {
      "created": "1999-06-19T21:52:33.666Z",
      "modified": "2020-06-19T22:55:52.146Z",
      "is_removed": false,
      "attending": 20,
      "meet": 13,
      "start": "2020-06-19T21:50:28Z",
      "finish": "2020-08-19T21:51:34Z",
      "team": null,
      "character": 16,
      "category": 1,
      "infos": {}
    }
  },
  {
    "model": "persons.attendingmeet",
    "pk": 37,
    "fields": {
      "created": "1999-06-19T22:00:02.558Z",
      "modified": "2020-06-19T22:00:02.558Z",
      "is_removed": false,
      "attending": 22,
      "meet": 15,
      "start": "2020-06-19T21:58:49Z",
      "finish": "2020-08-19T21:59:54Z",
      "team": null,
      "character": 16,
      "category": 1,
      "infos": {}
    }
  },
  {
    "model": "persons.attendingmeet",
    "pk": 38,
    "fields": {
      "created": "1999-06-19T22:00:02.559Z",
      "modified": "2020-06-19T22:00:02.559Z",
      "is_removed": false,
      "attending": 22,
      "meet": 10,
      "start": "2020-06-19T21:58:49Z",
      "finish": "2020-08-19T21:59:56Z",
      "team": null,
      "character": 16,
      "category": 6,
      "infos": {}
    }
  },
  {
    "model": "persons.attendingmeet",
    "pk": 39,
    "fields": {
      "created": "1999-06-19T22:16:05.650Z",
      "modified": "2020-06-19T22:16:05.650Z",
      "is_removed": false,
      "attending": 21,
      "meet": 10,
      "start": "2020-06-19T22:15:27Z",
      "finish": "2020-08-19T22:15:58Z",
      "team": null,
      "character": 16,
      "category": 6,
      "infos": {}
    }
  },
  {
    "model": "persons.attendingmeet",
    "pk": 40,
    "fields": {
      "created": "1999-06-19T22:16:05.651Z",
      "modified": "2020-06-19T22:55:17.559Z",
      "is_removed": false,
      "attending": 21,
      "meet": 13,
      "start": "2020-08-19T22:15:27Z",
      "finish": "2020-06-19T22:15:57Z",
      "team": null,
      "character": 16,
      "category": 1,
      "infos": {}
    }
  },
  {
    "model": "persons.attendingmeet",
    "pk": 41,
    "fields": {
      "created": "1999-06-19T22:22:34.909Z",
      "modified": "2020-06-19T22:22:34.909Z",
      "is_removed": false,
      "attending": 24,
      "meet": 11,
      "start": "2020-06-19T22:21:40Z",
      "finish": "2020-08-19T22:22:30Z",
      "team": null,
      "character": 21,
      "category": 1,
      "infos": {}
    }
  },
  {
    "model": "persons.attendingmeet",
    "pk": 42,
    "fields": {
      "created": "1999-06-19T22:22:34.910Z",
      "modified": "2020-06-19T22:22:34.910Z",
      "is_removed": false,
      "attending": 24,
      "meet": 10,
      "start": "2020-06-19T22:21:40Z",
      "finish": "2020-08-19T22:22:22Z",
      "team": null,
      "character": 16,
      "category": 6,
      "infos": {}
    }
  },
  {
    "model": "persons.attendingmeet",
    "pk": 43,
    "fields": {
      "created": "1999-06-19T22:22:34.911Z",
      "modified": "2020-06-19T22:22:34.911Z",
      "is_removed": false,
      "attending": 24,
      "meet": 14,
      "start": "2020-06-19T22:21:40Z",
      "finish": "2020-08-19T22:22:21Z",
      "team": null,
      "character": 16,
      "category": 1,
      "infos": {}
    }
  },
  {
    "model": "persons.attendingmeet",
    "pk": 44,
    "fields": {
      "created": "1999-06-19T22:53:57.833Z",
      "modified": "2020-06-19T22:53:57.833Z",
      "is_removed": false,
      "attending": 18,
      "meet": 12,
      "start": "2020-06-19T22:53:22Z",
      "finish": "2020-08-19T23:36:48Z",
      "team": null,
      "character": 19,
      "category": 1,
      "infos": {}
    }
  },
  {
    "model": "persons.attendingmeet",
    "pk": 45,
    "fields": {
      "created": "1999-06-19T22:55:17.533Z",
      "modified": "2020-06-19T22:55:17.533Z",
      "is_removed": false,
      "attending": 21,
      "meet": 12,
      "start": "2020-06-19T22:54:52Z",
      "finish": "2020-08-19T23:38:15Z",
      "team": null,
      "character": 19,
      "category": 1,
      "infos": {}
    }
  },
  {
    "model": "persons.attendingmeet",
    "pk": 46,
    "fields": {
      "created": "1999-06-19T22:55:52.096Z",
      "modified": "2020-06-19T22:55:52.096Z",
      "is_removed": false,
      "attending": 20,
      "meet": 12,
      "start": "2020-06-19T22:55:24Z",
      "finish": "2020-08-19T23:38:48Z",
      "team": null,
      "character": 20,
      "category": 1,
      "infos": {}
    }
  },
  {
    "model": "persons.attendingmeet",
    "pk": 47,
    "fields": {
      "created": "1999-06-19T22:56:29.951Z",
      "modified": "2020-06-19T22:56:29.951Z",
      "is_removed": false,
      "attending": 23,
      "meet": 12,
      "start": "2020-06-19T22:56:02Z",
      "finish": "2020-08-19T23:39:35Z",
      "team": null,
      "character": 20,
      "category": 1,
      "infos": {}
    }
  },
  {
    "model": "persons.attendingmeet",
    "pk": 48,
    "fields": {
      "created": "1999-11-16T04:11:12.225Z",
      "modified": "2020-11-16T04:11:12.225Z",
      "is_removed": false,
      "attending": 25,
      "meet": 8,
      "start": "2020-11-16T04:09:43Z",
      "finish": "2099-11-16T04:10:50Z",
      "team": null,
      "character": 23,
      "category": 1,
      "infos": {}
    }
  },
  {
    "model": "persons.attendingmeet",
    "pk": 49,
    "fields": {
      "created": "1999-11-16T04:12:14.225Z",
      "modified": "2020-11-16T04:12:14.225Z",
      "is_removed": false,
      "attending": 26,
      "meet": 8,
      "start": "2020-11-16T04:11:27Z",
      "finish": "2099-11-16T04:12:10Z",
      "team": null,
      "character": 23,
      "category": 1,
      "infos": {}
    }
  },
  {
    "model": "persons.attendingmeet",
    "pk": 50,
    "fields": {
      "created": "1999-11-16T04:20:38.665Z",
      "modified": "2020-11-16T04:20:38.665Z",
      "is_removed": false,
      "attending": 27,
      "meet": 8,
      "start": "2020-11-16T04:20:14Z",
      "finish": "2099-11-16T04:20:31Z",
      "team": null,
      "character": 23,
      "category": 1,
      "infos": {}
    }
  },
  {
    "model": "persons.attendingmeet",
    "pk": 51,
    "fields": {
      "created": "1999-11-16T04:22:54.172Z",
      "modified": "2020-11-16T04:22:54.172Z",
      "is_removed": false,
      "attending": 28,
      "meet": 8,
      "start": "2020-11-16T04:22:26Z",
      "finish": "2099-11-16T04:22:50Z",
      "team": null,
      "character": 23,
      "category": 1,
      "infos": {}
    }
  },
  {
    "model": "persons.attendingmeet",
    "pk": 52,
    "fields": {
      "created": "1999-11-16T04:23:35.106Z",
      "modified": "2020-11-16T04:23:35.106Z",
      "is_removed": false,
      "attending": 29,
      "meet": 8,
      "start": "2020-11-16T04:23:06Z",
      "finish": "2099-11-16T04:23:22Z",
      "team": null,
      "character": 23,
      "category": 1,
      "infos": {}
    }
  },
  {
    "model": "persons.attendingmeet",
    "pk": 53,
    "fields": {
      "created": "1999-11-16T04:24:18.323Z",
      "modified": "2020-11-16T04:24:18.323Z",
      "is_removed": false,
      "attending": 30,
      "meet": 8,
      "start": "2020-11-16T04:23:51Z",
      "finish": "2099-11-16T04:24:14Z",
      "team": null,
      "character": 23,
      "category": 1,
      "infos": {}
    }
  },
  {
    "model": "occasions.assembly",
    "pk": 0,
    "fields": {
      "created": "2020-04-11T18:39:30.685Z",
      "modified": "2021-04-08T13:52:40.549Z",
      "is_removed": false,
      "start": null,
      "finish": null,
      "category": 33,
      "display_name": "未指定unspecified",
      "display_order": 0,
      "slug": "cfcch_unspecified",
      "division": 0,
      "infos": {
        "fixed": {},
        "contacts": {}
      }
    }
  },
  {
    "model": "occasions.assembly",
    "pk": 1,
    "fields": {
      "created": "2020-04-11T18:39:30.685Z",
      "modified": "2021-04-08T13:52:40.549Z",
      "is_removed": false,
      "start": null,
      "finish": null,
      "category": 33,
      "display_name": "CFCCH兒少常規活動",
      "display_order": 0,
      "slug": "cfcch_junior_regular_activity",
      "division": 3,
      "infos": {
        "fixed": {},
        "contacts": {
          "need_age": 5
        }
      }
    }
  },
  {
    "model": "occasions.assembly",
    "pk": 2,
    "fields": {
      "created": "2020-04-11T18:40:04.380Z",
      "modified": "2021-04-08T13:52:56.294Z",
      "is_removed": false,
      "start": null,
      "finish": null,
      "category": 33,
      "display_name": "CFCCH敬拜組",
      "display_order": 0,
      "slug": "cfcch_chinese_worship_team",
      "division": 1,
      "infos": {
        "fixed": {},
        "contacts": {
          "url": "https://chineseforchristchurch.org",
          "email1": "haywardchurch@yahoo.com",
          "email2": "church.office@cfcchayward.org",
          "phone1": "+1-510-581-1630"
        }
      }
    }
  },
  {
    "model": "occasions.assembly",
    "pk": 3,
    "fields": {
      "created": "2020-04-11T18:40:33.044Z",
      "modified": "2021-04-08T13:53:09.566Z",
      "is_removed": false,
      "start": null,
      "finish": null,
      "category": 33,
      "display_name": "CFCCH兒少特別活動",
      "display_order": 0,
      "slug": "cfcch_junior_special_activity",
      "division": 3,
      "infos": {
        "fixed": {},
        "contacts": {},
        "need_age": 9
      }
    }
  },
  {
    "model": "occasions.assembly",
    "pk": 4,
    "fields": {
      "created": "1999-04-11T18:40:52.455Z",
      "modified": "2020-04-11T18:41:57.661Z",
      "is_removed": false,
      "start": null,
      "finish": null,
      "category": 33,
      "display_name": "heaven寶座敬拜",
      "display_order": 0,
      "slug": "heaven_throne_worship",
      "division": 4,
      "infos": {
        "fixed": {},
        "contacts": {}
      }
    }
  },
  {
    "model": "occasions.assembly",
    "pk": 5,
    "fields": {
      "created": "2020-05-09T22:31:18.488Z",
      "modified": "2021-04-08T13:53:29.547Z",
      "is_removed": false,
      "start": null,
      "finish": null,
      "category": 33,
      "display_name": "CFCCH會眾資料",
      "display_order": 0,
      "slug": "cfcch_congregation_data",
      "division": 5,
      "infos": {
        "fixed": {},
        "contacts": {}
      }
    }
  },
  {
    "model": "occasions.assembly",
    "pk": 6,
    "fields": {
      "created": "1999-06-19T15:16:22.947Z",
      "modified": "2021-04-08T13:53:45.287Z",
      "is_removed": false,
      "start": null,
      "finish": null,
      "category": 33,
      "display_name": "CFCCH夏令會2024 Summer retreat",
      "display_order": 0,
      "slug": "cfcch_summer_retreat_2024",
      "division": 6,
      "infos": {
        "fixed": {},
        "contacts": {
          "url": null,
          "email1": null,
          "email2": null,
          "phone1": "+17076642880",
          "phone2": null
        }
      }
    }
  },
  {
    "model": "occasions.assembly",
    "pk": 7,
    "fields": {
      "created": "2021-04-08T13:48:06.880Z",
      "modified": "2021-04-08T13:48:06.880Z",
      "is_removed": false,
      "start": null,
      "finish": null,
      "category": 33,
      "display_name": "The Crossing Worship Team",
      "display_order": 0,
      "slug": "cfcch_crossing_worship_team",
      "division": 2,
      "infos": {
        "fixed": {},
        "contacts": {
          "url": "https://www.thecrossing.website",
          "email1": "church.office@cfcchayward.org",
          "phone1": "+12222222222",
          "phone2": "+22222222222"
        }
      }
    }
  },
  {
    "model": "occasions.assembly",
    "pk": 8,
    "fields": {
      "created": "2021-04-08T13:48:06.880Z",
      "modified": "2021-04-08T13:48:06.880Z",
      "is_removed": false,
      "start": null,
      "finish": null,
      "category": 33,
      "display_name": "團契查經 Chinese Fellowship",
      "display_order": 0,
      "slug": "cfcch_chinese_fellowship",
      "division": 1,
      "infos": {
        "fixed": {},
        "contacts": {}
      }
    }
  },
  {
    "model": "occasions.assembly",
    "pk": 9,
    "fields": {
      "created": "2020-05-09T22:31:18.488Z",
      "modified": "2021-04-08T13:53:29.547Z",
      "is_removed": false,
      "start": null,
      "finish": null,
      "category": 33,
      "display_name": "CFCCH圖書館 Library",
      "display_order": 0,
      "slug": "cfcch_data_library",
      "division": 5,
      "infos": {
        "fixed": {},
        "contacts": {}
      }
    }
  },
  {
    "model": "occasions.attendance",
    "pk": 1,
    "fields": {
      "created": "1999-04-11T22:25:16.264Z",
      "modified": "2020-04-22T21:40:51.937Z",
      "is_removed": false,
      "start": null,
      "finish": null,
      "gathering": 1,
      "team": null,
      "attending": 1,
      "character": 1,
      "category": 1,
      "display_order": 0,
      "infos": {
        "kid_points": 5,
        "上課表現": "很好"
      },
      "file": ""
    }
  },
  {
    "model": "occasions.attendance",
    "pk": 2,
    "fields": {
      "created": "1999-04-11T22:33:15.404Z",
      "modified": "2020-04-11T22:33:15.404Z",
      "is_removed": false,
      "start": null,
      "finish": null,
      "gathering": 1,
      "team": null,
      "attending": 2,
      "character": 32,
      "category": 1,
      "display_order": 0,
      "infos": {},
      "file": ""
    }
  },
  {
    "model": "occasions.attendance",
    "pk": 3,
    "fields": {
      "created": "1999-04-11T22:36:35.336Z",
      "modified": "2020-04-11T22:36:35.336Z",
      "is_removed": false,
      "start": null,
      "finish": null,
      "gathering": 1,
      "team": null,
      "attending": 3,
      "character": 43,
      "category": 7,
      "display_order": 0,
      "infos": {},
      "file": ""
    }
  },
  {
    "model": "occasions.attendance",
    "pk": 4,
    "fields": {
      "created": "1999-04-11T23:50:51.976Z",
      "modified": "2020-04-11T23:50:51.976Z",
      "is_removed": false,
      "start": null,
      "finish": null,
      "gathering": 2,
      "team": null,
      "attending": 3,
      "character": 42,
      "category": 1,
      "display_order": 0,
      "infos": {},
      "file": ""
    }
  },
  {
    "model": "occasions.attendance",
    "pk": 5,
    "fields": {
      "created": "1999-04-11T23:50:52.037Z",
      "modified": "2020-04-13T01:40:14.025Z",
      "is_removed": false,
      "start": null,
      "finish": null,
      "gathering": 3,
      "team": null,
      "attending": 4,
      "character": 6,
      "category": 1,
      "display_order": 0,
      "infos": {},
      "file": ""
    }
  },
  {
    "model": "occasions.attendance",
    "pk": 6,
    "fields": {
      "created": "1999-04-12T03:32:00.486Z",
      "modified": "2020-04-12T03:32:00.486Z",
      "is_removed": false,
      "start": null,
      "finish": null,
      "gathering": 4,
      "team": null,
      "attending": 5,
      "character": 43,
      "category": 1,
      "display_order": 0,
      "infos": {},
      "file": ""
    }
  },
  {
    "model": "occasions.attendance",
    "pk": 7,
    "fields": {
      "created": "1999-04-12T03:33:04.131Z",
      "modified": "2020-04-12T03:33:04.131Z",
      "is_removed": false,
      "start": null,
      "finish": null,
      "gathering": 5,
      "team": null,
      "attending": 6,
      "character": 7,
      "category": 1,
      "display_order": 0,
      "infos": {},
      "file": ""
    }
  },
  {
    "model": "occasions.attendance",
    "pk": 8,
    "fields": {
      "created": "1999-04-19T13:14:25.071Z",
      "modified": "2020-04-21T03:14:52.482Z",
      "is_removed": false,
      "start": null,
      "finish": null,
      "gathering": 3,
      "team": null,
      "attending": 7,
      "character": 6,
      "category": 1,
      "display_order": 0,
      "infos": {},
      "file": ""
    }
  },
  {
    "model": "occasions.attendance",
    "pk": 9,
    "fields": {
      "created": "1999-04-21T05:09:48.320Z",
      "modified": "2020-04-21T05:09:48.320Z",
      "is_removed": false,
      "start": null,
      "finish": null,
      "gathering": 6,
      "team": null,
      "attending": 8,
      "character": 8,
      "category": 1,
      "display_order": 0,
      "infos": {},
      "file": ""
    }
  },
  {
    "model": "occasions.attendance",
    "pk": 10,
    "fields": {
      "created": "1999-05-11T00:36:23.117Z",
      "modified": "2020-05-11T00:36:23.117Z",
      "is_removed": false,
      "start": null,
      "finish": null,
      "gathering": 7,
      "team": null,
      "attending": 9,
      "character": 15,
      "category": 1,
      "display_order": 0,
      "infos": {},
      "file": ""
    }
  },
  {
    "model": "occasions.attendance",
    "pk": 11,
    "fields": {
      "created": "1999-05-11T00:36:23.118Z",
      "modified": "2020-05-11T14:42:12.906Z",
      "is_removed": false,
      "start": null,
      "finish": null,
      "gathering": 7,
      "team": null,
      "attending": 12,
      "character": 15,
      "category": 8,
      "display_order": 0,
      "infos": {},
      "file": ""
    }
  },
  {
    "model": "occasions.attendance",
    "pk": 12,
    "fields": {
      "created": "1999-05-11T00:36:23.120Z",
      "modified": "2020-05-11T14:42:01.066Z",
      "is_removed": false,
      "start": null,
      "finish": null,
      "gathering": 7,
      "team": null,
      "attending": 13,
      "character": 15,
      "category": 7,
      "display_order": 0,
      "infos": {},
      "file": ""
    }
  },
  {
    "model": "occasions.attendance",
    "pk": 13,
    "fields": {
      "created": "1999-05-11T00:36:23.121Z",
      "modified": "2020-05-11T14:41:47.632Z",
      "is_removed": false,
      "start": null,
      "finish": null,
      "gathering": 7,
      "team": null,
      "attending": 15,
      "character": 15,
      "category": 9,
      "display_order": 0,
      "infos": {},
      "file": ""
    }
  },
  {
    "model": "occasions.attendance",
    "pk": 14,
    "fields": {
      "created": "1999-05-11T14:45:38.674Z",
      "modified": "2020-05-11T14:45:38.674Z",
      "is_removed": false,
      "start": null,
      "finish": null,
      "gathering": 8,
      "team": null,
      "attending": 9,
      "character": 15,
      "category": 1,
      "display_order": 0,
      "infos": {},
      "file": ""
    }
  },
  {
    "model": "occasions.attendance",
    "pk": 15,
    "fields": {
      "created": "1999-05-11T14:45:38.675Z",
      "modified": "2020-05-11T14:45:38.675Z",
      "is_removed": false,
      "start": null,
      "finish": null,
      "gathering": 8,
      "team": null,
      "attending": 12,
      "character": 15,
      "category": 1,
      "display_order": 0,
      "infos": {},
      "file": ""
    }
  },
  {
    "model": "occasions.attendance",
    "pk": 16,
    "fields": {
      "created": "1999-05-11T14:45:38.676Z",
      "modified": "2020-05-11T14:45:38.676Z",
      "is_removed": false,
      "start": null,
      "finish": null,
      "gathering": 8,
      "team": null,
      "attending": 13,
      "character": 15,
      "category": 1,
      "display_order": 0,
      "infos": {},
      "file": ""
    }
  },
  {
    "model": "occasions.attendance",
    "pk": 17,
    "fields": {
      "created": "1999-05-11T14:45:38.677Z",
      "modified": "2020-05-11T14:45:38.677Z",
      "is_removed": false,
      "start": null,
      "finish": null,
      "gathering": 8,
      "team": null,
      "attending": 15,
      "character": 15,
      "category": 1,
      "display_order": 0,
      "infos": {},
      "file": ""
    }
  },
  {
    "model": "occasions.attendance",
    "pk": 18,
    "fields": {
      "created": "1999-06-19T22:33:13.092Z",
      "modified": "2020-06-19T23:00:27.926Z",
      "is_removed": false,
      "start": null,
      "finish": null,
      "gathering": 26,
      "team": 2,
      "attending": 18,
      "character": 19,
      "category": 1,
      "display_order": 0,
      "infos": {},
      "file": ""
    }
  },
  {
    "model": "occasions.attendance",
    "pk": 19,
    "fields": {
      "created": "1999-06-19T22:33:47.026Z",
      "modified": "2020-06-19T22:33:47.026Z",
      "is_removed": false,
      "start": null,
      "finish": null,
      "gathering": 26,
      "team": 2,
      "attending": 23,
      "character": 20,
      "category": 9,
      "display_order": 0,
      "infos": {},
      "file": ""
    }
  },
  {
    "model": "occasions.attendance",
    "pk": 22,
    "fields": {
      "created": "1999-06-19T23:03:07.138Z",
      "modified": "2020-06-19T23:03:07.138Z",
      "is_removed": false,
      "start": null,
      "finish": null,
      "gathering": 28,
      "team": 3,
      "attending": 20,
      "character": 20,
      "category": 1,
      "display_order": 0,
      "infos": {},
      "file": ""
    }
  },
  {
    "model": "occasions.attendance",
    "pk": 23,
    "fields": {
      "created": "1999-06-19T23:03:07.139Z",
      "modified": "2020-06-19T23:03:07.139Z",
      "is_removed": false,
      "start": null,
      "finish": null,
      "gathering": 28,
      "team": 3,
      "attending": 21,
      "character": 19,
      "category": 1,
      "display_order": 0,
      "infos": {},
      "file": ""
    }
  },
  {
    "model": "occasions.character",
    "pk": 1,
    "fields": {
      "created": "2020-04-11T18:42:52.655Z",
      "modified": "2021-04-08T16:47:24.714Z",
      "is_removed": false,
      "assembly": 1,
      "display_name": "Junior Student",
      "display_order": 32766,
      "slug": "d7c8Fd_cfcch_kid_student",
      "infos": {},
      "type": "audience"
    }
  },
  {
    "model": "occasions.character",
    "pk": 2,
    "fields": {
      "created": "2020-04-11T18:42:52.655Z",
      "modified": "2021-04-08T16:47:24.714Z",
      "is_removed": false,
      "assembly": 8,
      "display_name": "團契參加者 Chinese fellowship participant",
      "display_order": 32766,
      "slug": "d7c8Fd_cfcch_chinese_fellowship_participant",
      "infos": {},
      "type": "audience"
    }
  },
  {
    "model": "occasions.character",
    "pk": 3,
    "fields": {
      "created": "2020-04-11T18:44:58.405Z",
      "modified": "2021-04-08T16:44:51.244Z",
      "is_removed": false,
      "assembly": 2,
      "display_name": "詩班獨唱 choir solo",
      "display_order": 0,
      "slug": "d7c8Fd_cfcch_chinese_choir_solo",
      "infos": {},
      "type": "coworker"
    }
  },
  {
    "model": "occasions.character",
    "pk": 4,
    "fields": {
      "created": "2020-04-11T18:44:58.405Z",
      "modified": "2021-04-08T16:44:51.244Z",
      "is_removed": false,
      "assembly": 2,
      "display_name": "詩班伴奏 choir accompanist",
      "display_order": 0,
      "slug": "d7c8Fd_cfcch_chinese_choir_accompanist",
      "infos": {},
      "type": "coworker"
    }
  },
  {
    "model": "occasions.character",
    "pk": 5,
    "fields": {
      "created": "2020-04-11T18:44:58.405Z",
      "modified": "2021-04-08T16:44:51.244Z",
      "is_removed": false,
      "assembly": 2,
      "display_name": "詩班指揮 choir conductor",
      "display_order": 0,
      "slug": "d7c8Fd_cfcch_chinese_choir_conductor",
      "infos": {},
      "type": "coworker"
    }
  },
  {
    "model": "occasions.character",
    "pk": 6,
    "fields": {
      "created": "2020-04-11T18:44:58.405Z",
      "modified": "2021-04-08T16:44:51.244Z",
      "is_removed": false,
      "assembly": 2,
      "display_name": "詩班成員 choir member",
      "display_order": 0,
      "slug": "d7c8Fd_cfcch_chinese_choir_member",
      "infos": {},
      "type": "coworker"
    }
  },
  {
    "model": "occasions.character",
    "pk": 7,
    "fields": {
      "created": "1999-04-11T18:45:15.658Z",
      "modified": "2021-04-08T16:42:33.006Z",
      "is_removed": false,
      "assembly": 4,
      "display_name": "sky choir member",
      "display_order": 9999,
      "slug": "faBd6C_heaven_sky_choir_member",
      "infos": {},
      "type": "coworker"
    }
  },
  {
    "model": "occasions.character",
    "pk": 8,
    "fields": {
      "created": "2020-04-21T05:05:20.646Z",
      "modified": "2021-04-08T16:42:45.588Z",
      "is_removed": false,
      "assembly": 3,
      "display_name": "青少退休會司機",
      "display_order": 7777,
      "slug": "d7c8fd_cfcch_junior_retreat_driver",
      "infos": {},
      "type": "coworker"
    }
  },
  {
    "model": "occasions.character",
    "pk": 13,
    "fields": {
      "created": "2020-04-26T18:07:53.146Z",
      "modified": "2021-04-08T16:43:05.186Z",
      "is_removed": false,
      "assembly": 1,
      "display_name": "SG Leader G2 & G3",
      "display_order": 9,
      "slug": "d7c8Fd_cfcch_kid_leader_SG_G2_G3",
      "infos": {},
      "type": "coworker"
    }
  },
  {
    "model": "occasions.character",
    "pk": 14,
    "fields": {
      "created": "2020-04-26T18:08:30.258Z",
      "modified": "2021-04-08T16:42:56.737Z",
      "is_removed": false,
      "assembly": 1,
      "display_name": "SG Leader G4 & G5",
      "display_order": 10,
      "slug": "d7c8Fd_cfcch_kid_leader_SG_G4_G5",
      "infos": {},
      "type": "coworker"
    }
  },
  {
    "model": "occasions.character",
    "pk": 15,
    "fields": {
      "created": "2020-05-09T23:59:42.960Z",
      "modified": "2021-04-08T17:49:11.143Z",
      "is_removed": false,
      "assembly": 5,
      "display_name": "會眾 congregation",
      "display_order": 0,
      "slug": "d7c8Fd_cfcch_congregation_data_roster",
      "infos": {},
      "type": "audience"
    }
  },
  {
    "model": "occasions.character",
    "pk": 16,
    "fields": {
      "created": "2020-06-19T21:28:33.072Z",
      "modified": "2021-04-08T16:45:34.388Z",
      "is_removed": false,
      "assembly": 6,
      "display_name": "夏令會2020參與會眾",
      "display_order": 0,
      "slug": "d7c8Fd_cfcch_summer_retreat2020_attendee",
      "infos": {},
      "type": "audience"
    }
  },
  {
    "model": "occasions.character",
    "pk": 17,
    "fields": {
      "created": "2020-06-19T21:29:05.413Z",
      "modified": "2021-04-08T16:45:45.376Z",
      "is_removed": false,
      "assembly": 6,
      "display_name": "夏令會2020同工",
      "display_order": 0,
      "slug": "d7c8Fd_cfcch_summer_retreat2020_coworkers",
      "infos": {},
      "type": "coworker"
    }
  },
  {
    "model": "occasions.character",
    "pk": 18,
    "fields": {
      "created": "2020-06-19T21:47:30.746Z",
      "modified": "2021-04-08T16:45:52.984Z",
      "is_removed": false,
      "assembly": 6,
      "display_name": "夏令會2020接送司機",
      "display_order": 0,
      "slug": "d7c8Fd_cfcch_summer_retreat2020_driver",
      "infos": {},
      "type": "normal"
    }
  },
  {
    "model": "occasions.character",
    "pk": 19,
    "fields": {
      "created": "2020-06-19T21:48:32.391Z",
      "modified": "2021-04-08T16:46:01.163Z",
      "is_removed": false,
      "assembly": 6,
      "display_name": "夏令會2020討論小組員",
      "display_order": 0,
      "slug": "d7c8Fd_cfcch_summer_retreat2020_panel_member",
      "infos": {},
      "type": "normal"
    }
  },
  {
    "model": "occasions.character",
    "pk": 20,
    "fields": {
      "created": "2020-06-19T21:49:42.860Z",
      "modified": "2021-04-08T16:46:08.130Z",
      "is_removed": false,
      "assembly": 6,
      "display_name": "夏令會2020討論小組長",
      "display_order": 0,
      "slug": "d7c8Fd_cfcch_summer_retreat2020_panel_leader",
      "infos": {},
      "type": "normal"
    }
  },
  {
    "model": "occasions.character",
    "pk": 21,
    "fields": {
      "created": "2020-06-19T21:58:12.422Z",
      "modified": "2021-04-08T16:46:21.154Z",
      "is_removed": false,
      "assembly": 6,
      "display_name": "夏令會2020接送乘客",
      "display_order": 0,
      "slug": "d7c8Fd_cfcch_summer_retreat2020_passenger",
      "infos": {},
      "type": "normal"
    }
  },
  {
    "model": "occasions.character",
    "pk": 22,
    "fields": {
      "created": "2020-06-19T21:58:12.422Z",
      "modified": "2021-10-22T15:08:18.181Z",
      "is_removed": false,
      "assembly": 5,
      "display_name": "入籍會員 member",
      "display_order": 0,
      "slug": "d7c8Fd_cfcch_congregation_data_member",
      "infos": {},
      "type": "internal"
    }
  },
  {
    "model": "occasions.character",
    "pk": 23,
    "fields": {
      "created": "2020-06-19T21:58:12.422Z",
      "modified": "2021-10-22T15:08:34.366Z",
      "is_removed": false,
      "assembly": 5,
      "display_name": "列入通訊錄 in directory",
      "display_order": 0,
      "slug": "d7c8Fd_cfcch_congregation_data_directory",
      "infos": {},
      "type": "internal"
    }
  },
  {
    "model": "occasions.character",
    "pk": 24,
    "fields": {
      "created": "2020-10-09T21:58:12.422Z",
      "modified": "2021-10-08T16:46:32.730Z",
      "is_removed": false,
      "assembly": 5,
      "display_name": "已受浸 baptisee",
      "display_order": 0,
      "slug": "d7c8Fd_cfcch_congregation_data_baptisee",
      "infos": {},
      "type": "internal"
    }
  },
  {
    "model": "occasions.character",
    "pk": 25,
    "fields": {
      "created": "2021-10-22T15:09:58.833Z",
      "modified": "2021-10-22T15:18:05.224Z",
      "is_removed": false,
      "assembly": 5,
      "display_name": "已信主 believer",
      "display_order": 0,
      "slug": "d7c8Fd_cfcch_congregation_data_believer",
      "infos": {},
      "type": "internal"
    }
  },
  {
    "model": "occasions.character",
    "pk": 26,
    "fields": {
      "created": "2021-10-22T15:09:58.833Z",
      "modified": "2021-10-22T15:18:05.224Z",
      "is_removed": false,
      "assembly": 5,
      "display_name": "訪客 visitor",
      "display_order": 0,
      "slug": "d7c8Fd_cfcch_congregation_data_visitor",
      "infos": {},
      "type": "internal"
    }
  },
  {
    "model": "occasions.character",
    "pk": 27,
    "fields": {
      "created": "2020-04-11T18:42:52.655Z",
      "modified": "2021-04-08T16:47:24.714Z",
      "is_removed": false,
      "assembly": 1,
      "display_name": "Head counter/Trash bin arranger",
      "display_order": 100,
      "slug": "d7c8Fd_cfcch_kid_head_counter_trash_bin_arranger",
      "infos": {},
      "type": "coworker"
    }
  },
  {
    "model": "occasions.character",
    "pk": 28,
    "fields": {
      "created": "2020-04-11T18:42:52.655Z",
      "modified": "2021-04-08T16:47:24.714Z",
      "is_removed": false,
      "assembly": 1,
      "display_name": "Student/Food distributor",
      "display_order": 100,
      "slug": "d7c8Fd_cfcch_kid_student_food_distributor",
      "infos": {},
      "type": "audience"
    }
  },
  {
    "model": "occasions.character",
    "pk": 29,
    "fields": {
      "created": "2020-04-11T18:42:52.655Z",
      "modified": "2021-04-08T16:47:24.714Z",
      "is_removed": false,
      "assembly": 1,
      "display_name": "Student/Water distributor",
      "display_order": 100,
      "slug": "d7c8Fd_cfcch_kid_student_water_distributor",
      "infos": {},
      "type": "audience"
    }
  },
  {
    "model": "occasions.character",
    "pk": 30,
    "fields": {
      "created": "2020-04-11T18:42:52.655Z",
      "modified": "2021-04-08T16:47:24.714Z",
      "is_removed": false,
      "assembly": 1,
      "display_name": "Student/Utencils arranger",
      "display_order": 100,
      "slug": "d7c8Fd_cfcch_kid_student_utencils_arranger",
      "infos": {},
      "type": "audience"
    }
  },
  {
    "model": "occasions.character",
    "pk": 31,
    "fields": {
      "created": "2020-04-11T18:42:52.655Z",
      "modified": "2021-04-08T16:47:24.714Z",
      "is_removed": false,
      "assembly": 1,
      "display_name": "Student/Preschooler server",
      "display_order": 100,
      "slug": "d7c8Fd_cfcch_kid_student_preschooler_server",
      "infos": {},
      "type": "audience"
    }
  },
  {
    "model": "occasions.character",
    "pk": 32,
    "fields": {
      "created": "2020-04-11T18:42:52.655Z",
      "modified": "2021-04-08T16:47:24.714Z",
      "is_removed": false,
      "assembly": 1,
      "display_name": "The Rock Large Group Leader 1",
      "display_order": 100,
      "slug": "d7c8Fd_cfcch_kid_the_rock_lg_leader1",
      "infos": {},
      "type": "coworker"
    }
  },
  {
    "model": "occasions.character",
    "pk": 33,
    "fields": {
      "created": "2020-04-11T18:42:52.655Z",
      "modified": "2021-04-08T16:47:24.714Z",
      "is_removed": false,
      "assembly": 1,
      "display_name": "The Rock Large Group Leader 2",
      "display_order": 100,
      "slug": "d7c8Fd_cfcch_kid_the_rock_lg_leader2",
      "infos": {},
      "type": "coworker"
    }
  },
  {
    "model": "occasions.character",
    "pk": 34,
    "fields": {
      "created": "2020-04-11T18:42:52.655Z",
      "modified": "2021-04-08T16:47:24.714Z",
      "is_removed": false,
      "assembly": 1,
      "display_name": "The Rock Small Group Kindergarten Leader",
      "display_order": 100,
      "slug": "d7c8Fd_cfcch_kid_the_rock_sg_kindergarten_leader",
      "infos": {},
      "type": "coworker"
    }
  },
  {
    "model": "occasions.character",
    "pk": 35,
    "fields": {
      "created": "2020-04-11T18:42:52.655Z",
      "modified": "2021-04-08T16:47:24.714Z",
      "is_removed": false,
      "assembly": 1,
      "display_name": "The Rock Small Group G1 Leader",
      "display_order": 100,
      "slug": "d7c8Fd_cfcch_kid_the_rock_sg_g1_leader",
      "infos": {},
      "type": "coworker"
    }
  },
  {
    "model": "occasions.character",
    "pk": 36,
    "fields": {
      "created": "2020-04-11T18:42:52.655Z",
      "modified": "2021-04-08T16:47:24.714Z",
      "is_removed": false,
      "assembly": 1,
      "display_name": "The Rock Small Group G2 Leader",
      "display_order": 100,
      "slug": "d7c8Fd_cfcch_kid_the_rock_sg_g2_leader",
      "infos": {},
      "type": "coworker"
    }
  },
  {
    "model": "occasions.character",
    "pk": 37,
    "fields": {
      "created": "2020-04-11T18:42:52.655Z",
      "modified": "2021-04-08T16:47:24.714Z",
      "is_removed": false,
      "assembly": 1,
      "display_name": "The Rock Small Group G3 Leader",
      "display_order": 100,
      "slug": "d7c8Fd_cfcch_kid_the_rock_sg_g3_leader",
      "infos": {},
      "type": "coworker"
    }
  },
  {
    "model": "occasions.character",
    "pk": 38,
    "fields": {
      "created": "2020-04-11T18:42:52.655Z",
      "modified": "2021-04-08T16:47:24.714Z",
      "is_removed": false,
      "assembly": 1,
      "display_name": "The Rock Small Group G4 Leader",
      "display_order": 100,
      "slug": "d7c8Fd_cfcch_kid_the_rock_sg_g4_leader",
      "infos": {},
      "type": "coworker"
    }
  },
  {
    "model": "occasions.character",
    "pk": 39,
    "fields": {
      "created": "2020-04-11T18:42:52.655Z",
      "modified": "2021-04-08T16:47:24.714Z",
      "is_removed": false,
      "assembly": 1,
      "display_name": "The Rock Small Group G5 Leader",
      "display_order": 100,
      "slug": "d7c8Fd_cfcch_kid_the_rock_sg_g5_leader",
      "infos": {},
      "type": "coworker"
    }
  },
  {
    "model": "occasions.character",
    "pk": 40,
    "fields": {
      "created": "2020-04-11T18:42:52.655Z",
      "modified": "2021-04-08T16:47:24.714Z",
      "is_removed": false,
      "assembly": 1,
      "display_name": "The Rock Small Group G1 & G2 Leader",
      "display_order": 100,
      "slug": "d7c8Fd_cfcch_kid_the_rock_sg_g1_g2_leader",
      "infos": {},
      "type": "coworker"
    }
  },
  {
    "model": "occasions.character",
    "pk": 41,
    "fields": {
      "created": "2020-04-11T18:42:52.655Z",
      "modified": "2021-04-08T16:47:24.714Z",
      "is_removed": false,
      "assembly": 1,
      "display_name": "The Rock Small Group G2 & G3 Leader",
      "display_order": 100,
      "slug": "d7c8Fd_cfcch_kid_the_rock_sg_g2_g3_leader",
      "infos": {},
      "type": "coworker"
    }
  },
  {
    "model": "occasions.character",
    "pk": 42,
    "fields": {
      "created": "2020-04-11T18:42:52.655Z",
      "modified": "2021-04-08T16:47:24.714Z",
      "is_removed": false,
      "assembly": 1,
      "display_name": "The Rock Small Group G3 & G4 Leader",
      "display_order": 100,
      "slug": "d7c8Fd_cfcch_kid_the_rock_sg_g3_g4_leader",
      "infos": {},
      "type": "coworker"
    }
  },
  {
    "model": "occasions.character",
    "pk": 43,
    "fields": {
      "created": "2020-04-11T18:42:52.655Z",
      "modified": "2021-04-08T16:47:24.714Z",
      "is_removed": false,
      "assembly": 1,
      "display_name": "The Rock Small Group G4 & G5 Leader",
      "display_order": 100,
      "slug": "d7c8Fd_cfcch_kid_the_rock_sg_g4_g5_leader",
      "infos": {},
      "type": "coworker"
    }
  },
  {
    "model": "occasions.character",
    "pk": 44,
    "fields": {
      "created": "2020-04-11T18:42:52.655Z",
      "modified": "2021-04-08T16:47:24.714Z",
      "is_removed": false,
      "assembly": 1,
      "display_name": "The Rock Preschool Leader P1",
      "display_order": 100,
      "slug": "d7c8Fd_cfcch_kid_the_rock_preschool_leader_p1",
      "infos": {},
      "type": "coworker"
    }
  },
  {
    "model": "occasions.character",
    "pk": 45,
    "fields": {
      "created": "2020-04-11T18:42:52.655Z",
      "modified": "2021-04-08T16:47:24.714Z",
      "is_removed": false,
      "assembly": 1,
      "display_name": "The Rock Preschool Leader P2",
      "display_order": 100,
      "slug": "d7c8Fd_cfcch_kid_the_rock_preschool_leader_p2",
      "infos": {},
      "type": "coworker"
    }
  },
  {
    "model": "occasions.character",
    "pk": 46,
    "fields": {
      "created": "2020-04-11T18:42:52.655Z",
      "modified": "2021-04-08T16:47:24.714Z",
      "is_removed": false,
      "assembly": 1,
      "display_name": "Little foot Nursery Leader P1",
      "display_order": 100,
      "slug": "d7c8Fd_cfcch_kid_little_foot_nursery_leader_p1",
      "infos": {},
      "type": "coworker"
    }
  },
  {
    "model": "occasions.character",
    "pk": 47,
    "fields": {
      "created": "2020-04-11T18:42:52.655Z",
      "modified": "2021-04-08T16:47:24.714Z",
      "is_removed": false,
      "assembly": 1,
      "display_name": "Little foot Nursery Leader P2",
      "display_order": 100,
      "slug": "d7c8Fd_cfcch_kid_little_foot_nursery_leader_p2",
      "infos": {},
      "type": "coworker"
    }
  },
  {
    "model": "occasions.character",
    "pk": 48,
    "fields": {
      "created": "2020-04-11T18:42:52.655Z",
      "modified": "2021-04-08T16:47:24.714Z",
      "is_removed": false,
      "assembly": 9,
      "display_name": "借閱讀者 borrower",
      "display_order": 100,
      "slug": "d7c8Fd_cfcch_data_library_borrower",
      "infos": {},
      "type": "audience"
    }
  },
  {
    "model": "occasions.character",
    "pk": 49,
    "fields": {
      "created": "2020-04-11T18:42:52.655Z",
      "modified": "2021-04-08T16:47:24.714Z",
      "is_removed": false,
      "assembly": 1,
      "display_name": "After School Coworker",
      "display_order": 100,
      "slug": "d7c8Fd_cfcch_kid_after_school_coworker",
      "infos": {},
      "type": "coworker"
    }
  },
  {
    "model": "occasions.gathering",
    "pk": 1,
    "fields": {
      "created": "1999-04-11T19:00:17.355Z",
      "modified": "2021-04-08T16:52:45.959Z",
      "is_removed": false,
      "meet": 1,
      "start": "2020-05-09T17:00:00Z",
      "finish": "2020-05-09T18:59:59Z",
      "display_name": "05/09/2020",
      "infos": {
        "link": null,
        "週報": "https://sdasdasd.com/asdadsasd.pdf"
      },
      "site_type": 63,
      "site_id": "1"
    }
  },
  {
    "model": "occasions.gathering",
    "pk": 2,
    "fields": {
      "created": "1999-04-11T19:01:45.438Z",
      "modified": "2021-04-08T16:52:34.391Z",
      "is_removed": false,
      "meet": 1,
      "start": "2020-05-17T17:00:00Z",
      "finish": "2020-05-17T18:59:59Z",
      "display_name": "05/17/2020",
      "infos": {},
      "site_type": 63,
      "site_id": "1"
    }
  },
  {
    "model": "occasions.gathering",
    "pk": 3,
    "fields": {
      "created": "1999-04-11T19:05:29.711Z",
      "modified": "2021-04-08T16:53:16.996Z",
      "is_removed": false,
      "meet": 3,
      "start": "2020-05-10T17:00:00Z",
      "finish": "2020-05-10T18:59:59Z",
      "display_name": "05/10/2020",
      "infos": {
        "link": null
      },
      "site_type": 63,
      "site_id": "7"
    }
  },
  {
    "model": "occasions.gathering",
    "pk": 4,
    "fields": {
      "created": "1999-04-11T19:06:59.719Z",
      "modified": "2021-04-08T16:52:58.410Z",
      "is_removed": false,
      "meet": 2,
      "start": "2020-05-09T17:00:00Z",
      "finish": "2020-05-09T19:00:00Z",
      "display_name": "05/09/2020",
      "infos": {
        "link": null
      },
      "site_type": 63,
      "site_id": "6"
    }
  },
  {
    "model": "occasions.gathering",
    "pk": 5,
    "fields": {
      "created": "1999-04-11T19:08:23.960Z",
      "modified": "2021-04-08T16:55:13.922Z",
      "is_removed": false,
      "meet": 18,
      "start": "2020-02-17T20:07:20Z",
      "finish": "9999-04-11T20:07:22Z",
      "display_name": "forever",
      "infos": {
        "link": null
      },
      "site_type": 52,
      "site_id": "e50d2b9c-0f92-4048-a524-918909d7a0c5"
    }
  },
  {
    "model": "occasions.gathering",
    "pk": 6,
    "fields": {
      "created": "1999-04-21T05:02:41.218Z",
      "modified": "2021-04-08T16:55:26.325Z",
      "is_removed": false,
      "meet": 6,
      "start": "2020-07-21T05:00:00Z",
      "finish": "2020-07-21T06:00:00Z",
      "display_name": "07/20/2020 Basic I",
      "infos": {},
      "site_type": 52,
      "site_id": "edd6463b-3757-423e-83a8-4ff823ee9059"
    }
  },
  {
    "model": "occasions.gathering",
    "pk": 7,
    "fields": {
      "created": "1999-05-11T00:15:00.152Z",
      "modified": "2021-04-08T16:55:42.071Z",
      "is_removed": false,
      "meet": 4,
      "start": "2020-05-17T17:00:00Z",
      "finish": "2020-05-17T18:59:59Z",
      "display_name": "05/17/2020 主日崇拜",
      "infos": {
        "LG_location": "Burbank Library"
      },
      "site_type": 52,
      "site_id": "680656f5-a475-439e-9844-1129bd5aa5a4"
    }
  },
  {
    "model": "occasions.gathering",
    "pk": 8,
    "fields": {
      "created": "1999-05-11T14:45:38.661Z",
      "modified": "2021-04-08T16:55:54.460Z",
      "is_removed": false,
      "meet": 7,
      "start": "2020-12-24T17:00:00Z",
      "finish": "2020-12-24T18:59:59Z",
      "display_name": "12/24/2020 主日崇拜",
      "infos": {},
      "site_type": 52,
      "site_id": "680656f5-a475-439e-9844-1129bd5aa5a4"
    }
  },
  {
    "model": "occasions.gathering",
    "pk": 9,
    "fields": {
      "created": "1999-06-19T16:09:12.167Z",
      "modified": "2021-04-08T16:59:17.688Z",
      "is_removed": false,
      "meet": 10,
      "start": "2020-07-17T22:00:00Z",
      "finish": "2020-07-19T20:15:00Z",
      "display_name": "CFCC夏令會2020住宿",
      "infos": {},
      "site_type": 63,
      "site_id": "4"
    }
  },
  {
    "model": "occasions.gathering",
    "pk": 10,
    "fields": {
      "created": "1999-06-19T16:25:43.926Z",
      "modified": "2021-04-08T16:57:50.334Z",
      "is_removed": false,
      "meet": 10,
      "start": "2020-07-18T00:30:00Z",
      "finish": "2020-07-18T01:00:00Z",
      "display_name": "CFCC夏令會2020 July 17 晚餐",
      "infos": {},
      "site_type": 59,
      "site_id": "4"
    }
  },
  {
    "model": "occasions.gathering",
    "pk": 11,
    "fields": {
      "created": "1999-06-19T16:49:55.325Z",
      "modified": "2021-04-08T17:16:21.841Z",
      "is_removed": false,
      "meet": 13,
      "start": "2020-07-19T03:45:00Z",
      "finish": "2020-07-19T04:30:00Z",
      "display_name": "CFCC夏令會2020 July 18 宵夜聯誼",
      "infos": {},
      "site_type": 61,
      "site_id": "6"
    }
  },
  {
    "model": "occasions.gathering",
    "pk": 12,
    "fields": {
      "created": "1999-06-19T16:51:08.472Z",
      "modified": "2021-04-08T16:57:27.276Z",
      "is_removed": false,
      "meet": 10,
      "start": "2020-07-18T14:45:00Z",
      "finish": "2020-07-18T15:15:00Z",
      "display_name": "CFCC夏令會2020 July 18 早餐",
      "infos": {},
      "site_type": 59,
      "site_id": "4"
    }
  },
  {
    "model": "occasions.gathering",
    "pk": 13,
    "fields": {
      "created": "1999-06-19T16:52:51.432Z",
      "modified": "2021-04-08T17:00:02.877Z",
      "is_removed": false,
      "meet": 10,
      "start": "2020-07-18T19:15:00Z",
      "finish": "2020-07-18T19:45:00Z",
      "display_name": "CFCC夏令會2020 July 18 中餐",
      "infos": {},
      "site_type": 59,
      "site_id": "4"
    }
  },
  {
    "model": "occasions.gathering",
    "pk": 14,
    "fields": {
      "created": "1999-06-19T16:54:04.652Z",
      "modified": "2021-04-08T17:00:15.718Z",
      "is_removed": false,
      "meet": 10,
      "start": "2020-07-19T01:00:00Z",
      "finish": "2020-07-19T02:00:00Z",
      "display_name": "CFCC夏令會2020 July 18 晚餐",
      "infos": {},
      "site_type": 59,
      "site_id": "4"
    }
  },
  {
    "model": "occasions.gathering",
    "pk": 15,
    "fields": {
      "created": "1999-06-19T16:58:41.931Z",
      "modified": "2021-04-08T17:13:04.398Z",
      "is_removed": false,
      "meet": 13,
      "start": "2020-07-18T03:45:00Z",
      "finish": "2020-07-18T04:30:00Z",
      "display_name": "CFCC夏令會2020 July 17 破冰遊戲",
      "infos": {},
      "site_type": 57,
      "site_id": "3"
    }
  },
  {
    "model": "occasions.gathering",
    "pk": 16,
    "fields": {
      "created": "1999-06-19T17:02:39.793Z",
      "modified": "2021-04-08T17:00:27.140Z",
      "is_removed": false,
      "meet": 10,
      "start": "2020-07-19T14:45:00Z",
      "finish": "2020-07-19T15:15:00Z",
      "display_name": "CFCC夏令會2020 July 19 早餐",
      "infos": {},
      "site_type": 59,
      "site_id": "4"
    }
  },
  {
    "model": "occasions.gathering",
    "pk": 17,
    "fields": {
      "created": "1999-06-19T17:06:31.487Z",
      "modified": "2021-04-08T17:01:06.635Z",
      "is_removed": false,
      "meet": 10,
      "start": "2020-07-19T19:15:00Z",
      "finish": "2020-07-19T19:45:00Z",
      "display_name": "CFCC夏令會2020 July 19 中餐",
      "infos": {},
      "site_type": 59,
      "site_id": "4"
    }
  },
  {
    "model": "occasions.gathering",
    "pk": 18,
    "fields": {
      "created": "1999-06-19T17:11:00.523Z",
      "modified": "2021-04-08T17:12:33.201Z",
      "is_removed": false,
      "meet": 13,
      "start": "2020-07-18T02:00:00Z",
      "finish": "2020-07-18T03:30:00Z",
      "display_name": "CFCC夏令會2020 July 17 講道信息 I",
      "infos": {},
      "site_type": 59,
      "site_id": "3"
    }
  },
  {
    "model": "occasions.gathering",
    "pk": 19,
    "fields": {
      "created": "1999-06-19T17:12:51.973Z",
      "modified": "2021-04-08T17:14:11.733Z",
      "is_removed": false,
      "meet": 13,
      "start": "2020-07-18T16:00:00Z",
      "finish": "2020-07-18T17:30:00Z",
      "display_name": "CFCC夏令會2020 July 18 講道信息 II",
      "infos": {},
      "site_type": 61,
      "site_id": "5"
    }
  },
  {
    "model": "occasions.gathering",
    "pk": 20,
    "fields": {
      "created": "1999-06-19T17:13:54.609Z",
      "modified": "2021-04-08T17:15:50.980Z",
      "is_removed": false,
      "meet": 13,
      "start": "2020-07-18T20:30:00Z",
      "finish": "2020-07-18T22:00:00Z",
      "display_name": "CFCC夏令會2020 July 18 講道信息 III",
      "infos": {},
      "site_type": 61,
      "site_id": "5"
    }
  },
  {
    "model": "occasions.gathering",
    "pk": 21,
    "fields": {
      "created": "1999-06-19T17:14:55.324Z",
      "modified": "2021-04-08T17:15:59.806Z",
      "is_removed": false,
      "meet": 13,
      "start": "2020-07-19T02:00:00Z",
      "finish": "2020-07-19T03:30:00Z",
      "display_name": "CFCC夏令會2020 July 18 講道信息 IV",
      "infos": {},
      "site_type": 61,
      "site_id": "5"
    }
  },
  {
    "model": "occasions.gathering",
    "pk": 22,
    "fields": {
      "created": "1999-06-19T17:16:22.321Z",
      "modified": "2021-04-08T17:16:58.681Z",
      "is_removed": false,
      "meet": 13,
      "start": "2020-07-19T16:00:00Z",
      "finish": "2020-07-19T17:30:00Z",
      "display_name": "CFCC夏令會2020 July 19 講道信息 V",
      "infos": {},
      "site_type": 61,
      "site_id": "5"
    }
  },
  {
    "model": "occasions.gathering",
    "pk": 23,
    "fields": {
      "created": "1999-06-19T17:21:42.829Z",
      "modified": "2021-04-08T17:13:41.782Z",
      "is_removed": false,
      "meet": 13,
      "start": "2020-07-18T04:45:00Z",
      "finish": "2020-07-18T05:30:00Z",
      "display_name": "CFCC夏令會2020 July 17 同工會議",
      "infos": {},
      "site_type": 61,
      "site_id": "2"
    }
  },
  {
    "model": "occasions.gathering",
    "pk": 24,
    "fields": {
      "created": "1999-06-19T17:23:02.936Z",
      "modified": "2021-04-08T17:17:11.702Z",
      "is_removed": false,
      "meet": 13,
      "start": "2020-07-19T04:45:00Z",
      "finish": "2020-07-19T05:30:00Z",
      "display_name": "CFCC夏令會2020 July 18 組長會議",
      "infos": {},
      "site_type": 61,
      "site_id": "4"
    }
  },
  {
    "model": "occasions.gathering",
    "pk": 25,
    "fields": {
      "created": "1999-06-19T17:25:39.661Z",
      "modified": "2021-04-08T17:15:14.754Z",
      "is_removed": false,
      "meet": 13,
      "start": "2020-07-18T20:00:00Z",
      "finish": "2020-07-18T20:15:00Z",
      "display_name": "CFCC夏令會2020 July 18 團體合影",
      "infos": {},
      "site_type": 59,
      "site_id": "4"
    }
  },
  {
    "model": "occasions.gathering",
    "pk": 26,
    "fields": {
      "created": "1999-06-19T17:27:34.815Z",
      "modified": "2021-04-08T17:09:52.863Z",
      "is_removed": false,
      "meet": 12,
      "start": "2020-07-18T17:45:00Z",
      "finish": "2020-07-18T19:00:00Z",
      "display_name": "CFCC夏令會2020 小組分享1",
      "infos": {},
      "site_type": 61,
      "site_id": "2"
    }
  },
  {
    "model": "occasions.gathering",
    "pk": 27,
    "fields": {
      "created": "1999-06-19T17:45:08.174Z",
      "modified": "2021-04-08T17:11:43.444Z",
      "is_removed": false,
      "meet": 13,
      "start": "2020-07-17T21:00:00Z",
      "finish": "2020-07-20T01:00:00Z",
      "display_name": "CFCC夏令會2020 接送",
      "infos": {},
      "site_type": 52,
      "site_id": "e6e50c89-f4b7-4071-8a58-850800445304"
    }
  },
  {
    "model": "occasions.gathering",
    "pk": 28,
    "fields": {
      "created": "1999-06-19T22:59:02.789Z",
      "modified": "2021-04-08T17:09:36.283Z",
      "is_removed": false,
      "meet": 12,
      "start": "2020-07-18T17:45:00Z",
      "finish": "2020-07-18T19:00:00Z",
      "display_name": "CFCC夏令會2020 小組分享2",
      "infos": {},
      "site_type": 61,
      "site_id": "3"
    }
  },
  {
    "model": "occasions.gathering",
    "pk": 29,
    "fields": {
      "created": "1999-06-19T23:06:21.924Z",
      "modified": "2021-04-08T17:05:16.159Z",
      "is_removed": false,
      "meet": 12,
      "start": "2020-07-18T17:45:00Z",
      "finish": "2020-07-18T19:00:00Z",
      "display_name": "CFCC夏令會2020 小組分享3",
      "infos": {},
      "site_type": 61,
      "site_id": "4"
    }
  },
  {
    "model": "occasions.gathering",
    "pk": 30,
    "fields": {
      "created": "1999-06-19T23:06:21.924Z",
      "modified": "2021-04-08T16:56:21.341Z",
      "is_removed": false,
      "meet": 9,
      "start": "2022-10-18T17:45:00Z",
      "finish": "2022-10-18T19:00:00Z",
      "display_name": "CFCCH會員大會秋季2022 Fall congregation meeting",
      "infos": {},
      "site_type": 55,
      "site_id": "1"
    }
  },
  {
    "model": "occasions.gathering",
    "pk": 31,
    "fields": {
      "created": "1999-06-19T23:06:21.924Z",
      "modified": "2021-04-08T16:56:05.876Z",
      "is_removed": false,
      "meet": 8,
      "start": "2020-07-18T17:45:00Z",
      "finish": "2199-07-18T19:00:00Z",
      "display_name": "CFCCH通訊錄 directory",
      "infos": {},
      "site_type": 55,
      "site_id": "1"
    }
  },
  {
    "model": "occasions.meet",
    "pk": -1,
    "fields": {
      "created": "2020-04-11T18:47:42.792Z",
      "modified": "2021-04-08T14:03:35.930Z",
      "is_removed": false,
      "assembly": 5,
      "major_character": null,
      "shown_audience": false,
      "audience_editable": false,
      "start": "2020-05-12T14:53:44Z",
      "finish": "2999-05-12T15:53:45Z",
      "display_name": "封存 archived",
      "slug": "d7c8Fd_cfcch_congregation_archived",
      "infos": {
        "attendance": {},
        "allowed_groups": [
          "data_organizer",
          "data_counselor"
        ],
        "allowed_models": [
          "gathering",
          "attendingmeet",
          "attendance",
          "eventrelation"
        ],
        "gathering_infos": {
          "notice": "the finish date of attending_meets of 'archived' is always forever to show all attendees."
        },
        "default_time_zone": "America/Los_Angeles",
        "automatic_creation": {
          "Past": null,
          "Gathering": null,
          "Attendance": null
        },
        "default_attendingmeet_in_weeks": 99999
      },
      "site_type": 52,
      "site_id": "680656f5-a475-439e-9844-1129bd5aa5a4"
    }
  },
  {
    "model": "occasions.meet",
    "pk": 0,
    "fields": {
      "created": "2020-04-11T18:47:42.792Z",
      "modified": "2021-04-08T14:03:55.729Z",
      "is_removed": false,
      "assembly": 5,
      "major_character": 26,
      "shown_audience": false,
      "audience_editable": false,
      "start": "2020-05-12T14:53:44Z",
      "finish": "2999-05-12T15:53:45Z",
      "display_name": "訪客 visitor",
      "slug": "d7c8Fd_cfcch_congregation_visitor",
      "infos": {
        "attendance": {},
        "allowed_groups": [
          "children_organizer",
          "children_coworker",
          "data_organizer",
          "conference_organizer",
          "data_counselor"
        ],
        "allowed_models": [
          "gathering",
          "attendingmeet",
          "attendance",
          "eventrelation"
        ],
        "gathering_infos": {
          "notice": "the finish date of attending_meets of visitor is always forever to show all attendees."
        },
        "default_time_zone": "America/Los_Angeles",
        "automatic_creation": {
          "Past": 19,
          "Gathering": null,
          "Attendance": null
        },
        "default_attendingmeet_in_weeks": 99999
      },
      "site_type": 52,
      "site_id": "680656f5-a475-439e-9844-1129bd5aa5a4"
    }
  },
  {
    "model": "occasions.meet",
    "pk": 1,
    "fields": {
      "created": "2020-04-11T18:47:42.792Z",
      "modified": "2021-04-08T16:37:22.469Z",
      "is_removed": false,
      "assembly": 1,
      "major_character": 1,
      "shown_audience": true,
      "audience_editable": true,
      "start": "2020-05-12T14:53:44Z",
      "finish": "2099-05-12T15:53:45Z",
      "display_name": "The Rock",
      "slug": "d7c8Fd_cfcch_junior_regular_the_rock",
      "infos": {
        "attendance": {},
        "allowed_groups": [
          "children_organizer",
          "children_coworker",
          "roster_equipments",
          "organization_participant",
          "data_organizer",
          "conference_organizer",
          "data_counselor"
        ],
        "allowed_models": [
          "gathering",
          "attendingmeet",
          "attendance",
          "eventrelation"
        ],
        "gathering_infos": {
          "generate_attendance": true
        },
        "default_time_zone": "America/Los_Angeles",
        "automatic_creation": {
          "Past": null,
          "Gathering": true,
          "Attendance": true
        },
        "default_attendingmeet_in_weeks": 53
      },
      "site_type": 63,
      "site_id": "1"
    }
  },
  {
    "model": "occasions.meet",
    "pk": 2,
    "fields": {
      "created": "2020-04-11T18:48:40.462Z",
      "modified": "2021-04-08T16:37:34.616Z",
      "is_removed": false,
      "assembly": 1,
      "major_character": 1,
      "shown_audience": true,
      "audience_editable": true,
      "start": "2020-05-12T14:53:56Z",
      "finish": "2099-05-12T15:53:57Z",
      "display_name": "Little foot",
      "slug": "d7c8Fd_cfcch_junior_regular_little_foot",
      "infos": {
        "attendance": {},
        "allowed_groups": [
          "children_organizer",
          "children_coworker",
          "roster_equipments",
          "organization_participant",
          "data_organizer",
          "conference_organizer",
          "data_counselor"
        ],
        "allowed_models": [
          "gathering",
          "attendingmeet",
          "attendance",
          "eventrelation"
        ],
        "gathering_infos": {
          "generate_attendance": true
        },
        "default_time_zone": "America/Los_Angeles",
        "automatic_creation": {
          "Past": null,
          "Gathering": true,
          "Attendance": true
        },
        "default_attendingmeet_in_weeks": 53
      },
      "site_type": 63,
      "site_id": "22"
    }
  },
  {
    "model": "occasions.meet",
    "pk": 3,
    "fields": {
      "created": "2020-04-11T18:49:26.376Z",
      "modified": "2021-04-08T14:04:29.830Z",
      "is_removed": false,
      "assembly": 2,
      "major_character": 6,
      "shown_audience": true,
      "audience_editable": true,
      "start": "2020-05-12T14:55:20Z",
      "finish": "2099-05-12T15:55:22Z",
      "display_name": "中文詩班 Chinese choir",
      "slug": "d7c8Fd_cfcch_chinese_choir",
      "infos": {
        "attendance": {},
        "allowed_groups": [
          "worship_organizer",
          "data_counselor"
        ],
        "allowed_models": [
          "gathering",
          "attendingmeet",
          "attendance",
          "eventrelation"
        ],
        "gathering_infos": {
          "generate_attendance": true
        },
        "default_time_zone": "America/Los_Angeles",
        "automatic_creation": {
          "Past": null,
          "Gathering": true,
          "Attendance": true
        },
        "default_attendingmeet_in_weeks": 53
      },
      "site_type": 63,
      "site_id": "7"
    }
  },
  {
    "model": "occasions.meet",
    "pk": 4,
    "fields": {
      "created": "2020-05-09T22:34:04.419Z",
      "modified": "2021-10-23T18:06:43.299Z",
      "is_removed": false,
      "assembly": 5,
      "major_character": 15,
      "shown_audience": true,
      "audience_editable": false,
      "start": "2020-05-12T14:54:44Z",
      "finish": "2200-05-12T15:54:46Z",
      "display_name": "英文崇拜 Sunday Service (English)",
      "slug": "d7c8Fd_cfcch_congregation_english_worship_roster",
      "infos": {
        "attendance": {},
        "allowed_groups": [
          "data_counselor",
          "data_organizer",
          "children_organizer",
          "conference_organizer"
        ],
        "allowed_models": [
          "gathering",
          "attendingmeet",
          "attendance",
          "eventrelation"
        ],
        "gathering_infos": {},
        "default_time_zone": "America/Los_Angeles",
        "automatic_creation": {
          "Past": null,
          "Gathering": true,
          "Attendance": true
        },
        "extending_attending_days": 90,
        "default_attendingmeet_in_weeks": 30
      },
      "site_type": 63,
      "site_id": "19"
    }
  },
  {
    "model": "occasions.meet",
    "pk": 5,
    "fields": {
      "created": "2020-04-11T18:52:14.135Z",
      "modified": "2021-04-08T16:37:02.414Z",
      "is_removed": false,
      "assembly": 1,
      "major_character": 1,
      "shown_audience": true,
      "audience_editable": true,
      "start": "2020-05-12T14:54:57Z",
      "finish": "2099-12-31T15:54:58Z",
      "display_name": "Shining Star 閃亮之星",
      "slug": "d7c8Fd_cfcch_junior_shining_star",
      "infos": {
        "attendance": {},
        "allowed_groups": [
          "children_organizer",
          "children_coworker",
          "roster_equipments",
          "organization_participant",
          "data_organizer",
          "conference_organizer",
          "data_counselor"
        ],
        "allowed_models": [
          "gathering",
          "attendingmeet",
          "attendance",
          "eventrelation"
        ],
        "gathering_infos": {
          "generate_attendance": true
        },
        "default_time_zone": "America/Los_Angeles",
        "automatic_creation": {
          "Past": null,
          "Gathering": true,
          "Attendance": true
        },
        "default_attendingmeet_in_weeks": 30
      },
      "site_type": 59,
      "site_id": "1"
    }
  },
  {
    "model": "occasions.meet",
    "pk": 6,
    "fields": {
      "created": "2020-04-20T16:43:03.255Z",
      "modified": "2021-04-08T16:36:49.060Z",
      "is_removed": false,
      "assembly": 3,
      "major_character": null,
      "shown_audience": true,
      "audience_editable": true,
      "start": "2020-05-12T14:53:03Z",
      "finish": "2030-05-12T14:53:04Z",
      "display_name": "青少退休會",
      "slug": "d7c8Fd_cfcch_junior_retreat",
      "infos": {
        "attendance": {},
        "allowed_groups": [
          "children_organizer",
          "children_coworker",
          "roster_equipments",
          "organization_participant",
          "data_organizer",
          "conference_organizer",
          "data_counselor"
        ],
        "allowed_models": [
          "gathering",
          "attendingmeet",
          "attendance",
          "eventrelation"
        ],
        "gathering_infos": {},
        "default_time_zone": "America/Los_Angeles",
        "automatic_creation": {
          "Past": null,
          "Gathering": false,
          "Attendance": false
        },
        "default_attendingmeet_in_weeks": 160
      },
      "site_type": 26,
      "site_id": "10"
    }
  },
  {
    "model": "occasions.meet",
    "pk": 7,
    "fields": {
      "created": "2020-05-09T22:34:04.419Z",
      "modified": "2021-10-23T18:06:43.299Z",
      "is_removed": false,
      "assembly": 5,
      "major_character": 15,
      "shown_audience": true,
      "audience_editable": false,
      "start": "2020-05-12T14:54:44Z",
      "finish": "2200-05-12T15:54:46Z",
      "display_name": "中文崇拜 Sunday Service (Chinese)",
      "slug": "d7c8Fd_cfcch_congregation_chinese_worship_roster",
      "infos": {
        "attendance": {},
        "allowed_groups": [
          "data_counselor",
          "data_organizer",
          "children_organizer",
          "conference_organizer"
        ],
        "allowed_models": [
          "gathering",
          "attendingmeet",
          "attendance",
          "eventrelation"
        ],
        "gathering_infos": {},
        "default_time_zone": "America/Los_Angeles",
        "automatic_creation": {
          "Past": null,
          "Gathering": true,
          "Attendance": true
        },
        "extending_attending_days": 90,
        "default_attendingmeet_in_weeks": 30
      },
      "site_type": 63,
      "site_id": "19"
    }
  },
  {
    "model": "occasions.meet",
    "pk": 8,
    "fields": {
      "created": "2020-05-09T22:36:23.046Z",
      "modified": "2021-04-08T16:13:39.869Z",
      "is_removed": false,
      "assembly": 5,
      "major_character": 23,
      "shown_audience": false,
      "audience_editable": false,
      "start": "2020-05-12T14:54:35Z",
      "finish": "2099-05-12T15:54:36Z",
      "display_name": "通訊錄 directory",
      "slug": "d7c8Fd_cfcch_congregation_directory",
      "infos": {
        "attendance": {},
        "preview_url": "/persons/directory_preview/",
        "allowed_groups": [
          "data_counselor",
          "data_organizer",
          "children_organizer",
          "conference_organizer"
        ],
        "allowed_models": [
          "gathering",
          "attendingmeet",
          "attendance"
        ],
        "gathering_infos": {},
        "default_time_zone": "America/Los_Angeles",
        "automatic_creation": {
          "Past": null,
          "Gathering": false,
          "Attendance": false
        },
        "default_attendingmeet_in_weeks": 60
      },
      "site_type": 53,
      "site_id": "1"
    }
  },
  {
    "model": "occasions.meet",
    "pk": 9,
    "fields": {
      "created": "2020-05-09T22:37:59.744Z",
      "modified": "2021-04-08T16:14:05.544Z",
      "is_removed": false,
      "assembly": 5,
      "major_character": 22,
      "shown_audience": false,
      "audience_editable": false,
      "start": "2020-05-12T14:54:24Z",
      "finish": "2099-05-12T15:54:26Z",
      "display_name": "會員 member",
      "slug": "d7c8Fd_cfcch_congregation_member",
      "infos": {
        "attendance": {},
        "allowed_groups": [
          "data_counselor",
          "data_organizer",
          "children_organizer",
          "conference_organizer"
        ],
        "allowed_models": [
          "gathering",
          "attendingmeet",
          "attendance"
        ],
        "gathering_infos": {},
        "default_time_zone": "America/Los_Angeles",
        "automatic_creation": {
          "Past": 5,
          "Gathering": null,
          "Attendance": null
        },
        "default_attendingmeet_in_weeks": 99999
      },
      "site_type": 53,
      "site_id": "1"
    }
  },
  {
    "model": "occasions.meet",
    "pk": 10,
    "fields": {
      "created": "2020-06-19T15:30:01.426Z",
      "modified": "2021-04-08T16:32:15.494Z",
      "is_removed": false,
      "assembly": 6,
      "major_character": 16,
      "shown_audience": true,
      "audience_editable": false,
      "start": "2024-07-12T15:28:40Z",
      "finish": "2024-07-14T15:29:58Z",
      "display_name": "夏令會食宿 2024 retreat accommodation",
      "slug": "d7c8Fd_cfcch_summer_retreat_2024_accommodation",
      "infos": {
        "attendance": {},
        "allowed_groups": [
          "data_counselor",
          "children_organizer",
          "conference_organizer"
        ],
        "allowed_models": [
          "gathering",
          "attendingmeet",
          "attendance",
          "eventrelation"
        ],
        "gathering_infos": {},
        "default_time_zone": "America/Los_Angeles",
        "automatic_creation": {
          "Past": null,
          "Gathering": null,
          "Attendance": null
        },
        "default_attendingmeet_in_weeks": 50
      },
      "site_type": 57,
      "site_id": "3"
    }
  },
  {
    "model": "occasions.meet",
    "pk": 11,
    "fields": {
      "created": "2020-06-19T15:32:09.408Z",
      "modified": "2021-04-08T16:34:17.114Z",
      "is_removed": false,
      "assembly": 6,
      "major_character": 21,
      "shown_audience": true,
      "audience_editable": false,
      "start": "2024-07-12T15:30:54Z",
      "finish": "2024-07-14T15:31:42Z",
      "display_name": "2024夏令會接送",
      "slug": "d7c8Fd_cfcch_summer_retreat_2024_transportation",
      "infos": {
        "attendance": {},
        "allowed_groups": [
          "data_counselor",
          "children_organizer",
          "conference_organizer"
        ],
        "allowed_models": [
          "gathering",
          "attendingmeet",
          "attendance",
          "eventrelation"
        ],
        "gathering_infos": {},
        "default_time_zone": "America/Los_Angeles",
        "automatic_creation": {
          "Past": null,
          "Gathering": null,
          "Attendance": null
        },
        "default_attendingmeet_in_weeks": 50
      },
      "site_type": 57,
      "site_id": "3"
    }
  },
  {
    "model": "occasions.meet",
    "pk": 12,
    "fields": {
      "created": "2020-06-19T15:37:13.360Z",
      "modified": "2021-04-08T16:34:34.804Z",
      "is_removed": false,
      "assembly": 6,
      "major_character": 19,
      "shown_audience": true,
      "audience_editable": false,
      "start": "2024-07-12T15:34:41Z",
      "finish": "2024-07-14T15:37:06Z",
      "display_name": "2024夏令會討論小組",
      "slug": "d7c8Fd_cfcch_summer_retreat_2024_panel",
      "infos": {
        "attendance": {},
        "allowed_groups": [
          "data_counselor",
          "conference_organizer"
        ],
        "allowed_models": [
          "gathering",
          "attendingmeet",
          "attendance",
          "eventrelation"
        ],
        "gathering_infos": {},
        "default_time_zone": "America/Los_Angeles",
        "automatic_creation": {
          "Past": null,
          "Gathering": null,
          "Attendance": null
        },
        "default_attendingmeet_in_weeks": 50
      },
      "site_type": 57,
      "site_id": "3"
    }
  },
  {
    "model": "occasions.meet",
    "pk": 13,
    "fields": {
      "created": "2020-06-19T16:29:12.121Z",
      "modified": "2021-04-08T16:34:54.420Z",
      "is_removed": false,
      "assembly": 6,
      "major_character": null,
      "shown_audience": true,
      "audience_editable": false,
      "start": "2024-07-12T16:28:13Z",
      "finish": "2024-07-14T16:28:42Z",
      "display_name": "2024夏令會中文議程",
      "slug": "d7c8Fd_cfcch_summer_retreat_2024_chinese_program",
      "infos": {
        "attendance": {},
        "allowed_groups": [
          "data_counselor",
          "children_organizer",
          "conference_organizer"
        ],
        "allowed_models": [
          "gathering",
          "attendingmeet",
          "attendance",
          "eventrelation"
        ],
        "gathering_infos": {},
        "default_time_zone": "America/Los_Angeles",
        "automatic_creation": {
          "Past": null,
          "Gathering": null,
          "Attendance": null
        },
        "default_attendingmeet_in_weeks": 50
      },
      "site_type": 57,
      "site_id": "3"
    }
  },
  {
    "model": "occasions.meet",
    "pk": 14,
    "fields": {
      "created": "2020-06-19T16:33:15.969Z",
      "modified": "2021-04-08T16:35:15.657Z",
      "is_removed": false,
      "assembly": 6,
      "major_character": null,
      "shown_audience": true,
      "audience_editable": false,
      "start": "2024-07-12T16:32:20Z",
      "finish": "2024-07-14T16:32:24Z",
      "display_name": "2024夏令會兒童活動",
      "slug": "d7c8Fd_cfcch_summer_retreat_2024_junior_program",
      "infos": {
        "attendance": {},
        "allowed_groups": [
          "data_counselor",
          "roster_equipments",
          "children_organizer",
          "conference_organizer"
        ],
        "allowed_models": [
          "gathering",
          "attendingmeet",
          "attendance",
          "eventrelation"
        ],
        "gathering_infos": {},
        "default_time_zone": "America/Los_Angeles",
        "automatic_creation": {
          "Past": null,
          "Gathering": null,
          "Attendance": null
        },
        "default_attendingmeet_in_weeks": 50
      },
      "site_type": 57,
      "site_id": "3"
    }
  },
  {
    "model": "occasions.meet",
    "pk": 15,
    "fields": {
      "created": "2020-06-19T16:39:27.103Z",
      "modified": "2021-04-08T16:35:33.036Z",
      "is_removed": false,
      "assembly": 6,
      "major_character": null,
      "shown_audience": true,
      "audience_editable": false,
      "start": "2024-07-12T16:38:38Z",
      "finish": "2024-07-14T16:39:12Z",
      "display_name": "2024夏令會英文議程",
      "slug": "d7c8Fd_cfcch_summer_retreat_2024_english_program",
      "infos": {
        "attendance": {},
        "allowed_groups": [
          "data_counselor",
          "children_organizer",
          "conference_organizer"
        ],
        "allowed_models": [
          "gathering",
          "attendingmeet",
          "attendance",
          "eventrelation"
        ],
        "gathering_infos": {},
        "default_time_zone": "America/Los_Angeles",
        "automatic_creation": {
          "Past": null,
          "Gathering": null,
          "Attendance": null
        },
        "default_attendingmeet_in_weeks": 50
      },
      "site_type": 57,
      "site_id": "3"
    }
  },
  {
    "model": "occasions.meet",
    "pk": 16,
    "fields": {
      "created": "2020-05-02T22:34:04.419Z",
      "modified": "2021-10-23T18:08:26.928Z",
      "is_removed": false,
      "assembly": 5,
      "major_character": 24,
      "shown_audience": true,
      "audience_editable": false,
      "start": "2020-05-12T14:54:44Z",
      "finish": "2200-05-12T15:54:46Z",
      "display_name": "已受洗 baptized",
      "slug": "d7c8Fd_cfcch_congregation_baptized",
      "infos": {
        "attendance": {},
        "allowed_groups": [
          "data_counselor",
          "data_organizer",
          "children_organizer",
          "children_coworker",
          "conference_organizer"
        ],
        "allowed_models": [
          "attendingmeet"
        ],
        "gathering_infos": {},
        "default_time_zone": "America/Los_Angeles",
        "automatic_creation": {
          "Past": 5,
          "Gathering": null,
          "Attendance": null
        },
        "default_attendingmeet_in_weeks": 99999
      },
      "site_type": 53,
      "site_id": "1"
    }
  },
  {
    "model": "occasions.meet",
    "pk": 17,
    "fields": {
      "created": "2020-05-01T22:34:04.419Z",
      "modified": "2021-10-23T18:08:14.380Z",
      "is_removed": false,
      "assembly": 5,
      "major_character": 25,
      "shown_audience": true,
      "audience_editable": false,
      "start": "2020-05-12T14:54:44Z",
      "finish": "2200-05-12T15:54:46Z",
      "display_name": "已信主 believer",
      "slug": "d7c8Fd_cfcch_congregation_believer",
      "infos": {
        "attendance": {},
        "allowed_groups": [
          "data_counselor",
          "data_organizer",
          "children_organizer",
          "children_coworker",
          "conference_organizer"
        ],
        "allowed_models": [
          "attendingmeet"
        ],
        "gathering_infos": {},
        "default_time_zone": "America/Los_Angeles",
        "automatic_creation": {
          "Past": 4,
          "Gathering": null,
          "Attendance": null
        },
        "default_attendingmeet_in_weeks": 99999
      },
      "site_type": 53,
      "site_id": "1"
    }
  },
  {
    "model": "occasions.meet",
    "pk": 18,
    "fields": {
      "created": "1999-04-11T18:50:57.777Z",
      "modified": "2021-04-08T16:40:16.599Z",
      "is_removed": false,
      "assembly": 4,
      "major_character": 7,
      "shown_audience": true,
      "audience_editable": true,
      "start": "2020-05-12T14:53:19Z",
      "finish": "2099-05-12T15:53:21Z",
      "display_name": "天堂 玻璃海天使詩班",
      "slug": "faBd6C_heaven_sea_of_glass_angel_choir",
      "infos": {
        "attendance": {},
        "allowed_groups": [
          "worship_organizer"
        ],
        "allowed_models": [
          "gathering",
          "attendingmeet",
          "attendance",
          "eventrelation"
        ],
        "gathering_infos": {},
        "default_time_zone": "UTC",
        "automatic_creation": {
          "Past": null,
          "Gathering": false,
          "Attendance": false
        },
        "default_attendingmeet_in_weeks": 99999
      },
      "site_type": 57,
      "site_id": "2"
    }
  },
  {
    "model": "occasions.meet",
    "pk": 19,
    "fields": {
      "created": "2020-04-11T18:47:42.792Z",
      "modified": "2021-04-08T16:37:22.469Z",
      "is_removed": false,
      "assembly": 8,
      "major_character": 2,
      "shown_audience": true,
      "audience_editable": true,
      "start": "2022-09-01T14:53:44Z",
      "finish": "2032-12-31T15:53:45Z",
      "display_name": "成人主日學 Chinese Sunday School",
      "slug": "d7c8Fd_cfcch_adult_chinese_sunday_school",
      "infos": {
        "attendance": {},
        "allowed_groups": [
          "organization_participant",
          "data_organizer",
          "conference_organizer",
          "data_counselor"
        ],
        "allowed_models": [
          "gathering",
          "attendingmeet",
          "attendance",
          "eventrelation"
        ],
        "gathering_infos": {
          "generate_attendance": true
        },
        "default_time_zone": "America/Los_Angeles",
        "automatic_creation": {
          "Past": null,
          "Gathering": true,
          "Attendance": true
        },
        "default_attendingmeet_in_weeks": 25
      },
      "site_type": 63,
      "site_id": "3"
    }
  },
  {
    "model": "occasions.meet",
    "pk": 20,
    "fields": {
      "created": "2020-04-11T18:47:42.792Z",
      "modified": "2021-04-08T16:37:22.469Z",
      "is_removed": false,
      "assembly": 1,
      "major_character": 1,
      "shown_audience": true,
      "audience_editable": true,
      "start": "2020-05-12T14:53:44Z",
      "finish": "2099-05-12T15:53:45Z",
      "display_name": "After School Club",
      "slug": "d7c8Fd_cfcch_junior_regular_after_school_club",
      "infos": {
        "attendance": {},
        "allowed_groups": [
          "children_organizer",
          "children_coworker",
          "roster_equipments",
          "organization_participant",
          "data_organizer",
          "conference_organizer",
          "data_counselor"
        ],
        "allowed_models": [
          "gathering",
          "attendingmeet",
          "attendance",
          "eventrelation"
        ],
        "gathering_infos": {
          "generate_attendance": true
        },
        "default_time_zone": "America/Los_Angeles",
        "automatic_creation": {
          "Past": null,
          "Gathering": true,
          "Attendance": true
        },
        "default_attendingmeet_in_weeks": 53
      },
      "site_type": 63,
      "site_id": "21"
    }
  },
  {
    "model": "occasions.meet",
    "pk": 21,
    "fields": {
      "created": "2020-04-11T18:47:42.792Z",
      "modified": "2021-04-08T16:37:22.469Z",
      "is_removed": false,
      "assembly": 8,
      "major_character": 2,
      "shown_audience": true,
      "audience_editable": true,
      "start": "2022-09-01T14:53:44Z",
      "finish": "2032-12-31T15:53:45Z",
      "display_name": "以斯拉團契 Ezra fellowship",
      "slug": "d7c8Fd_cfcch_fellowship_ezra",
      "infos": {
        "attendance": {},
        "allowed_groups": [
          "organization_participant",
          "data_organizer",
          "conference_organizer",
          "data_counselor"
        ],
        "allowed_models": [
          "gathering",
          "attendingmeet",
          "attendance",
          "eventrelation"
        ],
        "gathering_infos": {
          "generate_attendance": true
        },
        "default_time_zone": "America/Los_Angeles",
        "automatic_creation": {
          "Past": null,
          "Gathering": true,
          "Attendance": true
        },
        "default_attendingmeet_in_weeks": 25
      },
      "site_type": 63,
      "site_id": "7"
    }
  },
  {
    "model": "occasions.meet",
    "pk": 22,
    "fields": {
      "created": "2020-04-11T18:47:42.792Z",
      "modified": "2021-04-08T16:37:22.469Z",
      "is_removed": false,
      "assembly": 8,
      "major_character": 2,
      "shown_audience": true,
      "audience_editable": true,
      "start": "2022-09-01T14:53:44Z",
      "finish": "2022-12-11T18:55:53Z",
      "display_name": "週間查經 Chinese Bible study",
      "slug": "d7c8Fd_cfcch_chinese_bible_study",
      "infos": {
        "attendance": {},
        "allowed_groups": [
          "organization_participant",
          "data_organizer",
          "conference_organizer",
          "data_counselor"
        ],
        "allowed_models": [
          "gathering",
          "attendingmeet",
          "attendance",
          "eventrelation"
        ],
        "gathering_infos": {
          "generate_attendance": true
        },
        "default_time_zone": "America/Los_Angeles",
        "automatic_creation": {
          "Past": null,
          "Gathering": true,
          "Attendance": true
        },
        "default_attendingmeet_in_weeks": 25
      },
      "site_type": 63,
      "site_id": "3"
    }
  },
  {
    "model": "occasions.meet",
    "pk": 23,
    "fields": {
      "created": "2020-04-11T18:47:42.792Z",
      "modified": "2021-04-08T16:37:22.469Z",
      "is_removed": false,
      "assembly": 8,
      "major_character": 2,
      "shown_audience": true,
      "audience_editable": true,
      "start": "2022-09-01T14:53:44Z",
      "finish": "2032-12-31T15:53:45Z",
      "display_name": "提摩太團契 Timothy Fellowship",
      "slug": "d7c8Fd_cfcch_chinese_timothy_fellowship",
      "infos": {
        "attendance": {},
        "allowed_groups": [
          "organization_participant",
          "data_organizer",
          "conference_organizer",
          "data_counselor"
        ],
        "allowed_models": [
          "gathering",
          "attendingmeet",
          "attendance",
          "eventrelation"
        ],
        "gathering_infos": {
          "generate_attendance": true
        },
        "default_time_zone": "America/Los_Angeles",
        "automatic_creation": {
          "Past": null,
          "Gathering": true,
          "Attendance": true
        },
        "default_attendingmeet_in_weeks": 25
      },
      "site_type": 63,
      "site_id": "19"
    }
  },
  {
    "model": "occasions.meet",
    "pk": 24,
    "fields": {
      "created": "2020-04-11T18:47:42.792Z",
      "modified": "2021-04-08T16:37:22.469Z",
      "is_removed": false,
      "assembly": 8,
      "major_character": 2,
      "shown_audience": true,
      "audience_editable": true,
      "start": "2022-09-01T14:53:44Z",
      "finish": "2032-12-31T15:53:45Z",
      "display_name": "餐服團契 Restaurant Ministry Fellowship",
      "slug": "d7c8Fd_cfcch_chinese_RestaurantMinistry_fellowship",
      "infos": {
        "attendance": {},
        "allowed_groups": [
          "organization_participant",
          "data_organizer",
          "conference_organizer",
          "data_counselor"
        ],
        "allowed_models": [
          "gathering",
          "attendingmeet",
          "attendance",
          "eventrelation"
        ],
        "gathering_infos": {
          "generate_attendance": true
        },
        "default_time_zone": "America/Los_Angeles",
        "automatic_creation": {
          "Past": null,
          "Gathering": true,
          "Attendance": true
        },
        "default_attendingmeet_in_weeks": 25
      },
      "site_type": 63,
      "site_id": "3"
    }
  },
  {
    "model": "occasions.meet",
    "pk": 25,
    "fields": {
      "created": "2020-04-11T18:47:42.792Z",
      "modified": "2021-04-08T16:37:22.469Z",
      "is_removed": false,
      "assembly": 8,
      "major_character": 2,
      "shown_audience": true,
      "audience_editable": true,
      "start": "2022-09-01T14:53:44Z",
      "finish": "2032-12-31T15:53:45Z",
      "display_name": "姐妹團契 Chinese Sister Fellowship",
      "slug": "d7c8Fd_cfcch_chinese_sister_fellowship",
      "infos": {
        "attendance": {},
        "allowed_groups": [
          "organization_participant",
          "data_organizer",
          "conference_organizer",
          "data_counselor"
        ],
        "allowed_models": [
          "gathering",
          "attendingmeet",
          "attendance",
          "eventrelation"
        ],
        "gathering_infos": {
          "generate_attendance": true
        },
        "default_time_zone": "America/Los_Angeles",
        "automatic_creation": {
          "Past": null,
          "Gathering": true,
          "Attendance": true
        },
        "default_attendingmeet_in_weeks": 25
      },
      "site_type": 63,
      "site_id": "3"
    }
  },
  {
    "model": "occasions.meet",
    "pk": 26,
    "fields": {
      "created": "2020-04-11T18:47:42.792Z",
      "modified": "2021-04-08T16:37:22.469Z",
      "is_removed": false,
      "assembly": 9,
      "major_character": 48,
      "shown_audience": true,
      "audience_editable": true,
      "start": "2020-05-12T14:53:44Z",
      "finish": "2099-05-12T15:53:45Z",
      "display_name": "借閱 circulation",
      "slug": "d7c8Fd_cfcch_library_circulation",
      "infos": {
        "attendance": {},
        "allowed_groups": [
          "children_organizer",
          "children_coworker",
          "organization_participant",
          "data_organizer",
          "conference_organizer",
          "data_counselor"
        ],
        "allowed_models": [
          "eventrelation"
        ],
        "gathering_infos": {
          "generate_attendance": false
        },
        "default_time_zone": "America/Los_Angeles",
        "automatic_creation": {},
        "default_attendingmeet_in_weeks": 530
      },
      "site_type": 63,
      "site_id": "1"
    }
  },
  {
    "model": "occasions.messagetemplate",
    "pk": 1,
    "fields": {
      "created": "2021-08-28T18:50:58.723Z",
      "modified": "2021-08-28T18:50:58.723Z",
      "is_removed": false,
      "organization": 1,
      "templates": {
        "subject": "[Attendees {env_name}] Batch_create_gatherings started at {time_triggered}({tzname}), {number_created} gathering(s) created.",
        "email_log": "Auto generating gatherings for the meet '{meet_name}' from {begin} to {end}({tzname}), result: {number_created} gathering(s) created. Info: {explain}, emailing to {recipient}, email status: {email_status}",
        "html_content": "Dear managers/coworkers of {organization}:<br><br>Auto generating gatherings for the meet <strong>{meet_name}</strong> processed,<br>from {begin} to {end}({tzname}),<br>{number_created} gathering(s) created.<br>Info: {explain}<br><br>Best regards,<br>Attendees administrator."
      },
      "defaults": {
        "gatherings": []
      },
      "type": "batch_create_gatherings"
    }
  },
  {
    "model": "occasions.messagetemplate",
    "pk": 2,
    "fields": {
      "created": "2021-08-28T18:50:58.723Z",
      "modified": "2021-08-28T18:50:58.723Z",
      "is_removed": false,
      "organization": 1,
      "templates": {
        "subject": "[Attendees {env_name}] Batch_create_attendances started at {time_triggered}({tzname}), {number_created} attendance(s) created.",
        "email_log": "Auto generating attendances for the meet '{meet_name}' from {begin} to {end}({tzname}), result: {number_created} attendance(s) created. Info: {explain}, emailing to {recipient}, email status: {email_status}",
        "html_content": "Dear managers/coworkers of {organization}:<br><br>Auto generating attendances for the meet <strong>{meet_name}</strong> processed,<br>from {begin} to {end}({tzname}),<br>{number_created} attendance(s) created.<br>Info: {explain}<br><br>Best regards,<br>Attendees administrator."
      },
      "defaults": {
        "gatherings": []
      },
      "type": "batch_create_attendances"
    }
  },
  {
    "model": "occasions.team",
    "pk": 1,
    "fields": {
      "created": "2020-04-11T19:09:48.250Z",
      "modified": "2021-04-08T17:42:46.852Z",
      "is_removed": false,
      "meet": 1,
      "slug": "cfcch_kid_rock_preschool",
      "display_name": "CFCCH CM The Rock PreSchool",
      "display_order": 500,
      "infos": {},
      "site_type": 59,
      "site_id": "1"
    }
  },
  {
    "model": "occasions.team",
    "pk": 2,
    "fields": {
      "created": "2020-06-19T17:30:36.205Z",
      "modified": "2021-04-08T17:42:53.724Z",
      "is_removed": false,
      "meet": 13,
      "slug": "cfcch_2020_summer_retreat_chinese_panel1",
      "display_name": "CFCCH 2020夏令會中文討論小組1",
      "display_order": 0,
      "infos": {},
      "site_type": 63,
      "site_id": "5"
    }
  },
  {
    "model": "occasions.team",
    "pk": 3,
    "fields": {
      "created": "2020-06-19T17:31:52.194Z",
      "modified": "2021-04-08T17:43:00.030Z",
      "is_removed": false,
      "meet": 13,
      "slug": "cfcch_2020_summer_retreat_chinese_panel2",
      "display_name": "CFCCH 2020夏令會中文討論小組2",
      "display_order": 0,
      "infos": {},
      "site_type": 63,
      "site_id": "4"
    }
  },
  {
    "model": "occasions.team",
    "pk": 4,
    "fields": {
      "created": "2020-06-19T17:48:58.589Z",
      "modified": "2021-04-08T17:43:42.034Z",
      "is_removed": false,
      "meet": 13,
      "slug": "cfcch_2020_summer_retreat_pickup1",
      "display_name": "CFCCH 2020夏令會 接送 pickup1",
      "display_order": 0,
      "infos": {},
      "site_type": 52,
      "site_id": "a37797e4-32a6-4ecd-b820-c04330b94662"
    }
  },
  {
    "model": "occasions.team",
    "pk": 5,
    "fields": {
      "created": "2020-06-19T17:50:42.866Z",
      "modified": "2021-04-08T17:43:47.956Z",
      "is_removed": false,
      "meet": 13,
      "slug": "cfcch_2020_summer_retreat_pickup2",
      "display_name": "CFCCH 2020夏令會 接送 pickup2",
      "display_order": 0,
      "infos": {},
      "site_type": 52,
      "site_id": "721be461-4304-49f4-a477-3e45f7ed38bd"
    }
  },
  {
    "model": "occasions.team",
    "pk": 6,
    "fields": {
      "created": "2020-04-11T19:09:48.250Z",
      "modified": "2021-04-08T17:42:46.852Z",
      "is_removed": false,
      "meet": 1,
      "slug": "cfcch_kid_rock_large_group",
      "display_name": "CFCCH CM The Rock Large Group",
      "display_order": 100,
      "infos": {},
      "site_type": 63,
      "site_id": "22"
    }
  },
  {
    "model": "occasions.team",
    "pk": 8,
    "fields": {
      "created": "2020-04-11T19:09:48.250Z",
      "modified": "2021-04-08T17:42:46.852Z",
      "is_removed": false,
      "meet": 3,
      "slug": "cfcch_chinese_choir_soprano",
      "display_name": "女高音 soprano",
      "display_order": 100,
      "infos": {},
      "site_type": 63,
      "site_id": "7"
    }
  },
  {
    "model": "occasions.team",
    "pk": 9,
    "fields": {
      "created": "2020-04-11T19:09:48.250Z",
      "modified": "2021-04-08T17:42:46.852Z",
      "is_removed": false,
      "meet": 3,
      "slug": "cfcch_chinese_choir_alto",
      "display_name": "女低音 alto",
      "display_order": 200,
      "infos": {},
      "site_type": 63,
      "site_id": "7"
    }
  },
  {
    "model": "occasions.team",
    "pk": 10,
    "fields": {
      "created": "2020-04-11T19:09:48.250Z",
      "modified": "2021-04-08T17:42:46.852Z",
      "is_removed": false,
      "meet": 3,
      "slug": "cfcch_chinese_choir_tenor",
      "display_name": "男高音 tenor",
      "display_order": 300,
      "infos": {},
      "site_type": 63,
      "site_id": "7"
    }
  },
  {
    "model": "occasions.team",
    "pk": 11,
    "fields": {
      "created": "2020-04-11T19:09:48.250Z",
      "modified": "2021-04-08T17:42:46.852Z",
      "is_removed": false,
      "meet": 3,
      "slug": "cfcch_chinese_choir_bass",
      "display_name": "男低音 bass",
      "display_order": 400,
      "infos": {},
      "site_type": 63,
      "site_id": "7"
    }
  },
  {
    "model": "occasions.team",
    "pk": 13,
    "fields": {
      "created": "2020-06-19T17:50:42.866Z",
      "modified": "2021-04-08T17:43:47.956Z",
      "is_removed": false,
      "meet": 13,
      "slug": "cfcch_2020_summer_retreat_pickup3",
      "display_name": "CFCCH 2020夏令會 接送 pickup3",
      "display_order": 0,
      "infos": {},
      "site_type": 52,
      "site_id": "721be461-4304-49f4-a477-3e45f7ed38bd"
    }
  },
  {
    "model": "occasions.team",
    "pk": 14,
    "fields": {
      "created": "2020-04-11T19:09:48.250Z",
      "modified": "2021-04-08T17:42:46.852Z",
      "is_removed": false,
      "meet": 2,
      "slug": "cfcch_kid_foot_baby_toddler_infant_nursery",
      "display_name": "CFCCH CM Under 3",
      "display_order": 600,
      "infos": {},
      "site_type": 63,
      "site_id": "22"
    }
  },
  {
    "model": "occasions.team",
    "pk": 15,
    "fields": {
      "created": "2020-04-11T19:09:48.250Z",
      "modified": "2021-04-08T17:42:46.852Z",
      "is_removed": false,
      "meet": 1,
      "slug": "cfcch_kid_rock_prek_and_k",
      "display_name": "CFCCH CM The Rock Kindergarten & Pre-K",
      "display_order": 100,
      "infos": {},
      "site_type": 63,
      "site_id": "22"
    }
  },
  {
    "model": "occasions.team",
    "pk": 16,
    "fields": {
      "created": "2020-04-11T19:09:48.250Z",
      "modified": "2021-04-08T17:42:46.852Z",
      "is_removed": false,
      "meet": 1,
      "slug": "cfcch_kid_rock_g1",
      "display_name": "CFCCH CM The Rock 1st Grade",
      "display_order": 200,
      "infos": {},
      "site_type": 63,
      "site_id": "11"
    }
  },
  {
    "model": "occasions.team",
    "pk": 17,
    "fields": {
      "created": "2020-04-11T19:09:48.250Z",
      "modified": "2021-04-08T17:42:46.852Z",
      "is_removed": false,
      "meet": 1,
      "slug": "cfcch_kid_rock_g2",
      "display_name": "CFCCH CM The Rock 2nd Grade",
      "display_order": 300,
      "infos": {},
      "site_type": 63,
      "site_id": "11"
    }
  },
  {
    "model": "occasions.team",
    "pk": 18,
    "fields": {
      "created": "2020-04-11T19:09:48.250Z",
      "modified": "2021-04-08T17:42:46.852Z",
      "is_removed": false,
      "meet": 1,
      "slug": "cfcch_kid_rock_g3",
      "display_name": "CFCCH CM The Rock 3rd Grade",
      "display_order": 400,
      "infos": {},
      "site_type": 63,
      "site_id": "9"
    }
  },
  {
    "model": "occasions.team",
    "pk": 19,
    "fields": {
      "created": "2020-04-11T19:09:48.250Z",
      "modified": "2021-04-08T17:42:46.852Z",
      "is_removed": false,
      "meet": 1,
      "slug": "cfcch_kid_rock_g4",
      "display_name": "CFCCH CM The Rock 4th Grade",
      "display_order": 500,
      "infos": {},
      "site_type": 63,
      "site_id": "9"
    }
  },
  {
    "model": "occasions.team",
    "pk": 20,
    "fields": {
      "created": "2020-04-11T19:09:48.250Z",
      "modified": "2021-04-08T17:42:46.852Z",
      "is_removed": false,
      "meet": 1,
      "slug": "cfcch_kid_rock_g5",
      "display_name": "CFCCH CM The Rock 5th Grade",
      "display_order": 600,
      "infos": {},
      "site_type": 63,
      "site_id": "6"
    }
  },
  {
    "model": "occasions.team",
    "pk": 21,
    "fields": {
      "created": "2020-04-11T19:09:48.250Z",
      "modified": "2021-04-08T17:42:46.852Z",
      "is_removed": false,
      "meet": 1,
      "slug": "cfcch_kid_rock_g1_g2",
      "display_name": "CFCCH CM The Rock 1st & 2nd Grade",
      "display_order": 250,
      "infos": {},
      "site_type": 63,
      "site_id": "11"
    }
  },
  {
    "model": "occasions.team",
    "pk": 22,
    "fields": {
      "created": "2020-04-11T19:09:48.250Z",
      "modified": "2021-04-08T17:42:46.852Z",
      "is_removed": false,
      "meet": 1,
      "slug": "cfcch_kid_rock_g2_g3",
      "display_name": "CFCCH CM The Rock 2nd & 3rd Grade",
      "display_order": 350,
      "infos": {},
      "site_type": 63,
      "site_id": "9"
    }
  },
  {
    "model": "occasions.team",
    "pk": 23,
    "fields": {
      "created": "2020-04-11T19:09:48.250Z",
      "modified": "2021-04-08T17:42:46.852Z",
      "is_removed": false,
      "meet": 1,
      "slug": "cfcch_kid_rock_g3_g4",
      "display_name": "CFCCH CM The Rock 3rd & 4th Grade",
      "display_order": 450,
      "infos": {},
      "site_type": 63,
      "site_id": "9"
    }
  },
  {
    "model": "occasions.team",
    "pk": 24,
    "fields": {
      "created": "2020-04-11T19:09:48.250Z",
      "modified": "2021-04-08T17:42:46.852Z",
      "is_removed": false,
      "meet": 1,
      "slug": "cfcch_kid_rock_g4_g5",
      "display_name": "CFCCH CM The Rock 4th & 5th Grade",
      "display_order": 550,
      "infos": {},
      "site_type": 63,
      "site_id": "6"
    }
  },
  {
    "model": "occasions.team",
    "pk": 25,
    "fields": {
      "created": "2020-04-11T19:09:48.250Z",
      "modified": "2021-04-08T17:42:46.852Z",
      "is_removed": false,
      "meet": 20,
      "slug": "cfcch_kid_after_school_table_1",
      "display_name": "Table 1",
      "display_order": 550,
      "infos": {},
      "site_type": 63,
      "site_id": "6"
    }
  },
  {
    "model": "occasions.team",
    "pk": 26,
    "fields": {
      "created": "2020-04-11T19:09:48.250Z",
      "modified": "2021-04-08T17:42:46.852Z",
      "is_removed": false,
      "meet": 20,
      "slug": "cfcch_kid_after_school_table_2",
      "display_name": "Table 2",
      "display_order": 550,
      "infos": {},
      "site_type": 63,
      "site_id": "6"
    }
  },
  {
    "model": "occasions.team",
    "pk": 27,
    "fields": {
      "created": "2020-04-11T19:09:48.250Z",
      "modified": "2021-04-08T17:42:46.852Z",
      "is_removed": false,
      "meet": 20,
      "slug": "cfcch_kid_after_school_table_3",
      "display_name": "Table 3",
      "display_order": 550,
      "infos": {},
      "site_type": 63,
      "site_id": "6"
    }
  }
]
